,,,, ROOM ,,,,,,,,,,,,,,,, CRAC ,,,,,,,,,,,,,
,,,, Battery ,, Panel ,, Data Center ,, Google 1 ,, Google 2 ,, Meta ,, CCG ,, TPN ,, 2.1.A - CCG ,, 2.1.B - CCG ,, 2.2.A - Data Center ,, 2.2.B - Data Center ,, 2.2.C - Data Center ,, 3.1.A - TPN ,, 3.1.B - TPN ,
Date, Year , Month , Week , Temp , Humi , Temp , Humi , Temp , Humi , Temp , Humi , Temp , Humi , Temp , Humi , Temp , Humi , Temp , Humi , Temp , Humi , Temp , Humi , Temp , Humi , Temp , Humi , Temp , Humi , Temp , Humi , Temp , Humi 
1-Jan-2026,2026,January,Week-1, 18.57 , 52.49 , 20.90 , 71.48 , 28.56 , 65.42 , 28.38 , 69.36 , 28.36 , 69.30 , 28.68 , 66.82 , 18.62 , 63.66 , 30.76 , 71.82 , 17.48 , 61.62 , 17.48 , 61.56 , 31.54 , 52.92 , 31.83 , 50.47 , 30.35 , 54.43 , 34.00 , 57.15 , 34.43 , 53.47 
2-Jan-2026,2026,January,Week-1, 18.60 , 52.94 , 20.26 , 65.60 , 28.65 , 62.98 , 28.63 , 64.29 , 28.63 , 64.08 , 28.88 , 63.28 , 19.09 , 63.62 , 31.00 , 71.20 , 17.45 , 64.19 , 17.45 , 64.18 , 31.65 , 50.37 , 32.00 , 47.32 , 30.57 , 50.27 , 34.28 , 56.61 , 34.71 , 52.95 
3-Jan-2026,2026,January,Week-1, 20.94 , 48.44 , 19.54 , 67.88 , 28.28 , 64.43 , 27.95 , 68.45 , 27.92 , 68.25 , 28.26 , 66.66 , 18.61 , 64.27 , 30.44 , 71.04 , 17.50 , 62.14 , 17.50 , 62.08 , 31.23 , 52.31 , 31.49 , 50.17 , 29.98 , 53.79 , 33.64 , 56.75 , 34.09 , 53.02 
4-Jan-2026,2026,January,Week-1, 19.69 , 49.85 , 20.08 , 63.16 , 27.79 , 63.14 , 27.46 , 67.40 , 27.41 , 67.45 , 27.77 , 65.21 , 18.96 , 65.15 , 30.00 , 72.49 , 17.48 , 65.08 , 17.49 , 65.10 , 30.70 , 50.93 , 30.96 , 48.84 , 29.43 , 52.69 , 33.28 , 57.84 , 33.75 , 54.13 
5-Jan-2026,2026,January,Week-1, 19.66 , 54.66 , 18.07 , 55.83 , 27.87 , 65.30 , 27.94 , 66.96 , 27.92 , 67.11 , 28.19 , 65.44 , 18.54 , 63.94 , 30.37 , 73.74 , 17.46 , 61.88 , 17.46 , 61.87 , 30.91 , 51.36 , 31.28 , 48.88 , 29.81 , 52.56 , 33.72 , 58.58 , 34.15 , 54.78 
6-Jan-2026,2026,January,Week-1, 18.80 , 52.76 , 18.65 , 62.75 , 28.28 , 65.05 , 28.45 , 65.56 , 28.45 , 65.70 , 28.67 , 64.50 , 18.93 , 63.64 , 31.45 , 71.28 , 17.45 , 64.24 , 17.45 , 64.28 , 31.43 , 50.47 , 31.75 , 47.79 , 30.34 , 51.34 , 34.90 , 56.08 , 35.29 , 52.55 
7-Jan-2026,2026,January,Week-1, 18.24 , 53.27 , 20.10 , 64.10 , 28.53 , 65.58 , 28.54 , 67.77 , 28.52 , 68.03 , 28.81 , 65.22 , 18.61 , 63.79 , 31.49 , 71.94 , 17.47 , 62.00 , 17.47 , 62.05 , 31.66 , 50.69 , 32.01 , 48.39 , 30.57 , 52.44 , 34.85 , 57.00 , 35.28 , 53.26 
8-Jan-2026,2026,January,Week-2, 19.68 , 52.69 , 19.39 , 66.04 , 28.45 , 66.60 , 28.46 , 68.66 , 28.46 , 68.56 , 28.72 , 66.33 , 18.89 , 63.53 , 31.21 , 70.97 , 17.43 , 64.07 , 17.42 , 64.07 , 31.50 , 53.59 , 31.74 , 50.98 , 30.32 , 54.56 , 34.56 , 56.24 , 34.97 , 52.52 
9-Jan-2026,2026,January,Week-2, 18.78 , 54.12 , 18.30 , 65.62 , 28.25 , 67.78 , 28.15 , 71.49 , 28.15 , 71.48 , 28.45 , 68.24 , 18.64 , 64.72 , 30.83 , 71.01 , 17.53 , 63.60 , 17.53 , 63.62 , 31.29 , 54.92 , 31.56 , 52.89 , 30.03 , 57.16 , 34.04 , 56.49 , 34.47 , 52.98 
10-Jan-2026,2026,January,Week-2, 18.18 , 56.58 , 17.33 , 61.24 , 27.91 , 69.26 , 27.72 , 72.99 , 27.71 , 72.93 , 28.08 , 69.61 , 18.93 , 64.15 , 30.37 , 71.93 , 17.46 , 64.66 , 17.46 , 64.68 , 30.95 , 55.47 , 31.18 , 53.83 , 29.63 , 58.95 , 33.59 , 57.43 , 34.00 , 53.89 
11-Jan-2026,2026,January,Week-2, 18.22 , 57.74 , 18.84 , 67.01 , 27.61 , 70.10 , 27.23 , 73.04 , 27.22 , 72.96 , 27.62 , 70.45 , 18.58 , 65.33 , 30.00 , 72.66 , 17.53 , 63.73 , 17.53 , 63.74 , 30.59 , 55.70 , 30.83 , 54.01 , 29.28 , 58.67 , 33.19 , 58.16 , 33.69 , 54.25 
12-Jan-2026,2026,January,Week-2, 18.24 , 57.68 , 19.81 , 62.96 , 26.81 , 69.62 , 26.14 , 72.95 , 26.06 , 72.99 , 26.59 , 69.91 , 18.74 , 65.75 , 28.89 , 73.27 , 17.48 , 65.61 , 17.48 , 65.58 , 29.81 , 54.31 , 29.95 , 53.54 , 28.33 , 58.64 , 32.10 , 58.71 , 32.62 , 54.93 
13-Jan-2026,2026,January,Week-2, 18.81 , 56.17 , 18.66 , 63.06 , 26.28 , 72.12 , 25.87 , 75.13 , 25.78 , 75.42 , 26.28 , 71.83 , 18.37 , 65.44 , 28.42 , 75.00 , 17.44 , 63.16 , 17.43 , 63.12 , 29.37 , 56.03 , 29.55 , 55.18 , 27.99 , 60.36 , 31.69 , 60.38 , 32.23 , 56.49 
14-Jan-2026,2026,January,Week-2, 19.63 , 58.64 , 19.61 , 63.59 , 26.42 , 73.40 , 26.46 , 75.24 , 26.40 , 75.33 , 26.84 , 71.00 , 18.66 , 65.58 , 28.49 , 74.33 , 17.47 , 65.63 , 17.47 , 65.61 , 29.63 , 58.32 , 29.86 , 56.58 , 28.30 , 61.35 , 31.76 , 61.75 , 32.28 , 57.79 
15-Jan-2026,2026,January,Week-3, 20.14 , 59.96 , 19.15 , 67.99 , 26.58 , 75.31 , 26.67 , 76.83 , 26.63 , 76.81 , 26.98 , 73.24 , 18.43 , 66.36 , 28.45 , 74.57 , 17.50 , 64.78 , 17.51 , 64.81 , 29.80 , 60.70 , 30.05 , 58.60 , 28.49 , 63.09 , 31.64 , 61.89 , 32.17 , 57.91 
16-Jan-2026,2026,January,Week-3, 20.32 , 49.63 , 18.53 , 66.42 , 26.83 , 72.63 , 27.00 , 73.06 , 26.98 , 73.02 , 27.27 , 70.21 , 18.78 , 65.13 , 28.80 , 73.24 , 17.46 , 65.23 , 17.46 , 65.24 , 30.05 , 56.75 , 30.34 , 54.53 , 28.88 , 58.63 , 32.02 , 61.11 , 32.54 , 57.12 
17-Jan-2026,2026,January,Week-3, 20.10 , 44.22 , 18.66 , 66.85 , 27.25 , 69.42 , 27.35 , 70.49 , 27.32 , 70.39 , 27.57 , 68.98 , 18.51 , 64.79 , 29.44 , 73.76 , 17.45 , 63.31 , 17.45 , 63.33 , 30.40 , 54.56 , 30.73 , 51.77 , 29.30 , 55.34 , 32.76 , 61.31 , 33.24 , 57.29 
18-Jan-2026,2026,January,Week-3, 20.07 , 46.86 , 18.83 , 68.28 , 27.38 , 69.35 , 27.16 , 72.32 , 27.14 , 72.30 , 27.49 , 69.98 , 18.76 , 65.43 , 29.44 , 73.20 , 17.47 , 65.24 , 17.48 , 65.28 , 30.50 , 54.91 , 30.80 , 52.37 , 29.37 , 56.19 , 32.77 , 60.63 , 33.24 , 56.75 
19-Jan-2026,2026,January,Week-3, 20.05 , 45.41 , 18.71 , 66.87 , 27.21 , 60.75 , 26.94 , 66.19 , 26.91 , 66.16 , 27.23 , 63.50 , 18.64 , 63.72 , 29.64 , 72.22 , 17.50 , 61.85 , 17.49 , 61.83 , 30.18 , 49.73 , 30.50 , 47.18 , 29.06 , 50.87 , 33.08 , 58.96 , 33.52 , 54.99 
20-Jan-2026,2026,January,Week-3, 20.02 , 49.11 , 18.98 , 69.87 , 27.51 , 64.02 , 27.59 , 64.26 , 27.56 , 64.25 , 27.87 , 62.56 , 18.98 , 64.57 , 29.94 , 71.24 , 17.47 , 63.95 , 17.47 , 63.97 , 30.63 , 51.78 , 30.93 , 49.30 , 29.51 , 52.15 , 33.21 , 58.57 , 33.66 , 54.75 
21-Jan-2026,2026,January,Week-3, 20.09 , 52.22 , 19.20 , 69.55 , 27.49 , 67.26 , 27.53 , 69.33 , 27.46 , 69.53 , 27.81 , 66.61 , 18.69 , 65.56 , 29.24 , 72.31 , 17.57 , 64.19 , 17.56 , 64.19 , 30.60 , 55.63 , 30.88 , 53.38 , 29.32 , 56.95 , 32.38 , 60.04 , 32.85 , 56.24 
22-Jan-2026,2026,January,Week-4, 19.92 , 53.49 , 19.77 , 69.03 , 27.34 , 67.83 , 27.14 , 72.24 , 27.07 , 72.29 , 27.45 , 69.02 , 18.83 , 67.00 , 28.77 , 73.37 , 17.48 , 65.98 , 17.49 , 65.98 , 30.38 , 54.97 , 30.64 , 52.87 , 29.15 , 56.74 , 31.93 , 60.92 , 32.50 , 56.80 
23-Jan-2026,2026,January,Week-4, 20.43 , 63.56 , 19.34 , 67.59 , 27.11 , 73.47 , 27.01 , 76.21 , 26.94 , 76.37 , 27.30 , 74.06 , 18.44 , 65.71 , 28.69 , 74.16 , 17.50 , 64.85 , 17.50 , 64.86 , 30.28 , 58.00 , 30.51 , 56.38 , 28.98 , 60.91 , 31.96 , 61.29 , 32.55 , 57.03 
24-Jan-2026,2026,January,Week-4, 21.18 , 61.55 , 19.50 , 67.06 , 27.35 , 67.91 , 27.40 , 70.24 , 27.39 , 70.00 , 27.63 , 67.75 , 18.75 , 65.23 , 29.30 , 72.50 , 17.58 , 65.43 , 17.58 , 65.45 , 30.55 , 53.32 , 30.86 , 50.57 , 29.46 , 53.76 , 32.53 , 59.59 , 33.00 , 55.75 
25-Jan-2026,2026,January,Week-4, 20.11 , 53.88 , 20.32 , 63.09 , 27.79 , 62.47 , 27.95 , 64.29 , 27.95 , 64.21 , 28.13 , 62.93 , 18.62 , 63.31 , 29.89 , 72.42 , 17.47 , 62.19 , 17.48 , 62.17 , 30.88 , 49.51 , 31.32 , 46.40 , 29.95 , 49.37 , 33.18 , 59.41 , 33.62 , 55.73 
26-Jan-2026,2026,January,Week-4, 19.95 , 54.97 , 20.33 , 63.65 , 28.16 , 68.30 , 28.19 , 70.23 , 28.18 , 69.96 , 28.42 , 68.89 , 18.84 , 64.36 , 30.35 , 71.80 , 17.45 , 64.65 , 17.45 , 64.63 , 31.33 , 53.70 , 31.68 , 51.01 , 30.34 , 53.97 , 33.58 , 58.73 , 34.03 , 54.93 
27-Jan-2026,2026,January,Week-4, 19.67 , 54.04 , 20.31 , 64.19 , 28.26 , 66.60 , 28.12 , 69.67 , 28.09 , 69.65 , 28.40 , 67.49 , 18.67 , 64.01 , 30.11 , 71.89 , 17.48 , 62.64 , 17.48 , 62.66 , 31.33 , 51.75 , 31.69 , 49.80 , 30.30 , 53.62 , 33.40 , 58.60 , 33.88 , 54.79 
28-Jan-2026,2026,January,Week-4, 19.20 , 56.48 , 19.41 , 58.97 , 28.27 , 67.08 , 28.37 , 68.96 , 28.32 , 69.09 , 28.62 , 67.07 , 18.84 , 64.09 , 30.19 , 71.57 , 17.45 , 64.05 , 17.46 , 64.30 , 31.49 , 52.05 , 31.78 , 49.96 , 30.37 , 53.58 , 33.48 , 58.26 , 33.93 , 54.30 
29-Jan-2026,2026,January,Week-5, 20.12 , 51.78 , 20.03 , 55.03 , 28.81 , 61.71 , 29.04 , 62.51 , 29.00 , 62.28 , 29.23 , 62.58 , 18.60 , 63.00 , 30.21 , 72.48 , 17.44 , 62.31 , 17.44 , 62.32 , 32.05 , 48.37 , 32.40 , 45.66 , 31.02 , 48.46 , 33.55 , 59.03 , 34.00 , 55.07 
30-Jan-2026,2026,January,Week-5, 20.18 , 54.21 , 19.68 , 49.54 , 28.48 , 51.43 , 28.30 , 53.36 , 28.25 , 52.39 , 28.49 , 52.40 , 18.76 , 61.82 , 30.50 , 70.09 , 17.55 , 60.63 , 17.55 , 60.59 , 31.30 , 43.06 , 31.68 , 40.24 , 30.28 , 42.65 , 33.81 , 56.85 , 34.24 , 53.31 
31-Jan-2026,2026,January,Week-5, 18.61 , 53.89 , 19.18 , 48.43 , 28.17 , 46.30 , 28.09 , 50.27 , 28.00 , 50.25 , 28.35 , 47.03 , 18.60 , 60.99 , 30.22 , 71.60 , 17.55 , 59.00 , 17.55 , 58.98 , 31.04 , 41.11 , 31.47 , 37.75 , 30.10 , 41.58 , 33.61 , 58.02 , 34.07 , 54.38 
1-Feb-2026,2026,February,Week-1, 18.11 , 55.87 , 19.29 , 49.53 , 27.97 , 56.99 , 28.09 , 59.52 , 28.06 , 59.63 , 28.36 , 55.32 , 18.77 , 63.78 , 30.54 , 72.12 , 17.52 , 63.29 , 17.52 , 63.34 , 30.91 , 49.17 , 31.26 , 46.48 , 29.87 , 49.76 , 33.86 , 58.83 , 34.29 , 55.13 
2-Feb-2026,2026,February,Week-1, 18.32 , 55.47 , 19.03 , 46.39 , 27.93 , 60.89 , 27.89 , 63.16 , 27.85 , 63.13 , 28.18 , 60.54 , 18.64 , 63.75 , 30.20 , 72.17 , 17.54 , 62.21 , 17.54 , 62.21 , 30.97 , 49.86 , 31.27 , 47.76 , 29.79 , 52.00 , 33.52 , 58.81 , 33.99 , 54.99 
3-Feb-2026,2026,February,Week-1, 18.29 , 54.97 , 18.96 , 49.06 , 27.84 , 65.66 , 27.82 , 67.54 , 27.77 , 67.85 , 28.13 , 64.84 , 18.78 , 64.67 , 30.09 , 71.60 , 17.47 , 64.02 , 17.48 , 63.98 , 30.98 , 51.55 , 31.23 , 50.18 , 29.68 , 55.30 , 33.38 , 58.21 , 33.82 , 54.53 
4-Feb-2026,2026,February,Week-1, 18.29 , 54.50 , 19.07 , 49.15 , 27.97 , 68.01 , 27.95 , 70.76 , 27.93 , 71.04 , 28.25 , 67.62 , 18.66 , 64.42 , 30.32 , 72.51 , 17.48 , 63.07 , 17.48 , 63.00 , 31.14 , 53.02 , 31.47 , 50.86 , 29.98 , 55.20 , 33.72 , 58.78 , 34.16 , 54.95 
5-Feb-2026,2026,February,Week-1, 19.38 , 51.35 , 18.16 , 51.14 , 27.99 , 67.62 , 27.98 , 70.82 , 27.97 , 70.67 , 28.30 , 66.58 , 18.79 , 64.44 , 30.13 , 71.69 , 17.47 , 64.01 , 17.47 , 64.04 , 31.11 , 54.03 , 31.42 , 51.61 , 29.93 , 55.73 , 33.19 , 58.34 , 33.33 , 56.44 
6-Feb-2026,2026,February,Week-1, 19.86 , 53.65 , 17.95 , 51.86 , 28.00 , 68.35 , 27.98 , 71.79 , 27.96 , 71.66 , 28.28 , 68.29 , 18.70 , 64.27 , 30.12 , 74.45 , 17.46 , 63.39 , 17.46 , 63.36 , 31.07 , 55.12 , 31.43 , 52.71 , 29.95 , 56.41 , 33.40 , 59.65 , 33.54 , 57.25 
7-Feb-2026,2026,February,Week-1, 18.75 , 54.76 , 19.03 , 49.02 , 27.98 , 66.95 , 27.86 , 71.49 , 27.83 , 71.54 , 28.18 , 68.04 , 18.75 , 64.71 , 30.33 , 73.61 , 17.48 , 64.15 , 17.48 , 64.11 , 31.06 , 53.59 , 31.40 , 51.18 , 29.89 , 55.52 , 33.59 , 58.97 , 33.75 , 56.37 
8-Feb-2026,2026,February,Week-2, 18.22 , 55.31 , 17.74 , 49.20 , 27.81 , 67.46 , 27.67 , 70.82 , 27.64 , 70.71 , 27.96 , 68.55 , 18.62 , 64.98 , 30.02 , 74.72 , 17.48 , 63.65 , 17.48 , 63.65 , 30.82 , 54.50 , 31.16 , 51.83 , 29.66 , 55.74 , 33.31 , 60.04 , 33.59 , 56.75 
9-Feb-2026,2026,February,Week-2, 18.34 , 55.41 , 16.51 , 50.52 , 27.64 , 66.00 , 27.41 , 70.23 , 27.38 , 70.12 , 27.74 , 67.44 , 18.69 , 65.02 , 29.97 , 74.28 , 17.47 , 64.08 , 17.47 , 64.10 , 30.68 , 52.55 , 30.99 , 50.24 , 29.50 , 54.49 , 33.22 , 59.64 , 33.55 , 56.24 
10-Feb-2026,2026,February,Week-2, 18.29 , 55.07 , 17.73 , 51.88 , 27.42 , 67.58 , 27.30 , 70.99 , 27.26 , 71.20 , 27.61 , 68.28 , 18.58 , 64.73 , 29.75 , 74.56 , 17.48 , 63.33 , 17.47 , 63.33 , 30.49 , 53.84 , 30.77 , 51.69 , 29.24 , 56.09 , 33.09 , 59.64 , 33.49 , 55.94 
11-Feb-2026,2026,February,Week-2, 18.21 , 54.11 , 18.78 , 47.22 , 27.83 , 67.88 , 28.04 , 68.35 , 28.00 , 68.67 , 28.37 , 65.69 , 18.72 , 64.36 , 30.47 , 75.15 , 17.44 , 63.77 , 17.43 , 63.76 , 31.07 , 52.96 , 31.40 , 50.10 , 29.96 , 53.95 , 33.78 , 60.33 , 34.11 , 56.77 
12-Feb-2026,2026,February,Week-2, 19.21 , 52.06 , 18.04 , 50.20 , 28.14 , 68.82 , 28.44 , 68.00 , 28.40 , 68.31 , 28.74 , 65.78 , 18.71 , 64.04 , 30.65 , 74.46 , 17.47 , 63.36 , 17.46 , 63.31 , 31.38 , 53.55 , 31.68 , 51.50 , 30.17 , 55.93 , 33.97 , 59.58 , 34.34 , 55.96 
13-Feb-2026,2026,February,Week-2, 18.78 , 52.22 , 17.88 , 50.10 , 27.97 , 67.63 , 27.95 , 69.86 , 27.91 , 69.68 , 28.26 , 66.70 , 18.82 , 64.51 , 30.32 , 74.11 , 17.47 , 64.11 , 17.47 , 64.09 , 31.08 , 53.80 , 31.36 , 51.85 , 29.81 , 56.12 , 33.48 , 59.71 , 33.84 , 56.07 
14-Feb-2026,2026,February,Week-2, 18.33 , 54.32 , 18.33 , 50.36 , 28.02 , 66.58 , 28.06 , 68.90 , 28.03 , 69.22 , 28.36 , 65.36 , 18.73 , 63.95 , 30.47 , 74.93 , 17.47 , 63.20 , 17.47 , 63.18 , 31.11 , 52.56 , 31.46 , 50.08 , 29.93 , 54.40 , 33.67 , 60.19 , 34.08 , 56.45 
15-Feb-2026,2026,February,Week-3, 18.43 , 54.70 , 17.55 , 50.87 , 28.06 , 66.97 , 28.01 , 70.24 , 27.99 , 70.37 , 28.32 , 66.77 , 18.78 , 64.73 , 30.65 , 73.16 , 17.47 , 64.09 , 17.48 , 64.08 , 31.16 , 52.82 , 31.48 , 50.48 , 30.00 , 54.73 , 33.80 , 58.95 , 34.17 , 55.23 
16-Feb-2026,2026,February,Week-3, 19.17 , 55.01 , 18.04 , 50.00 , 27.97 , 64.47 , 27.87 , 68.73 , 27.82 , 69.07 , 28.20 , 64.88 , 18.64 , 64.24 , 30.25 , 74.48 , 17.44 , 62.92 , 17.44 , 62.96 , 31.04 , 50.99 , 31.39 , 48.77 , 29.87 , 53.21 , 33.41 , 60.22 , 33.87 , 56.38 
17-Feb-2026,2026,February,Week-3, 21.10 , 52.52 , 18.99 , 48.63 , 27.96 , 66.06 , 27.98 , 68.51 , 27.98 , 68.39 , 28.23 , 66.34 , 18.67 , 65.38 , 30.46 , 72.16 , 17.48 , 64.55 , 17.48 , 64.60 , 31.00 , 53.31 , 31.36 , 50.52 , 29.89 , 53.85 , 33.59 , 57.91 , 33.92 , 54.47 
18-Feb-2026,2026,February,Week-3, 21.43 , 43.87 , 19.46 , 47.27 , 27.82 , 56.36 , 27.58 , 61.19 , 27.56 , 60.85 , 27.83 , 58.97 , 18.69 , 63.02 , 28.75 , 72.46 , 17.51 , 61.90 , 17.51 , 61.86 , 30.70 , 47.94 , 31.10 , 44.63 , 29.68 , 47.96 , 31.38 , 60.22 , 31.61 , 58.32 
19-Feb-2026,2026,February,Week-3, 21.46 , 44.20 , 19.97 , 49.12 , 27.36 , 53.28 , 27.17 , 59.35 , 27.15 , 58.86 , 27.41 , 55.87 , 18.41 , 63.56 , 29.28 , 76.38 , 17.50 , 62.51 , 17.50 , 62.47 , 30.25 , 49.11 , 30.61 , 45.43 , 29.11 , 49.59 , 32.59 , 62.83 , 32.79 , 60.13 
20-Feb-2026,2026,February,Week-3, 21.40 , 44.52 , 20.11 , 49.54 , 26.98 , 57.82 , 26.87 , 64.13 , 26.84 , 63.85 , 27.13 , 60.07 , 18.46 , 64.67 , 29.53 , 74.56 , 17.52 , 62.89 , 17.52 , 62.87 , 29.91 , 50.99 , 30.28 , 47.65 , 28.79 , 51.76 , 32.86 , 60.71 , 33.20 , 57.28 
21-Feb-2026,2026,February,Week-3, 21.33 , 43.40 , 20.32 , 49.11 , 27.29 , 63.65 , 27.45 , 64.91 , 27.44 , 64.52 , 27.72 , 62.03 , 18.60 , 65.20 , 29.99 , 74.17 , 17.47 , 64.01 , 17.47 , 64.03 , 30.41 , 50.59 , 30.76 , 47.45 , 29.29 , 51.11 , 33.32 , 60.26 , 33.65 , 56.64 
22-Feb-2026,2026,February,Week-4, 21.51 , 42.15 , 20.81 , 48.71 , 27.68 , 65.09 , 27.94 , 65.39 , 27.94 , 65.63 , 28.20 , 62.97 , 18.68 , 64.41 , 30.34 , 74.57 , 17.45 , 63.31 , 17.45 , 63.31 , 30.83 , 50.86 , 31.21 , 48.03 , 29.76 , 51.54 , 33.67 , 60.52 , 34.09 , 56.76 
23-Feb-2026,2026,February,Week-4, 21.35 , 46.17 , 20.76 , 50.28 , 27.62 , 66.35 , 27.49 , 70.39 , 27.49 , 70.36 , 27.81 , 66.82 , 18.70 , 65.55 , 30.60 , 71.83 , 17.49 , 64.71 , 17.49 , 64.66 , 30.65 , 54.72 , 30.91 , 52.38 , 29.37 , 56.79 , 33.80 , 58.33 , 34.16 , 54.77 
24-Feb-2026,2026,February,Week-4, 20.71 , 50.35 , 19.07 , 49.27 , 27.38 , 66.94 , 27.45 , 68.58 , 27.43 , 68.74 , 27.73 , 66.04 , 18.68 , 64.62 , 29.96 , 71.53 , 17.45 , 63.44 , 17.45 , 63.50 , 30.43 , 53.87 , 30.69 , 51.79 , 29.17 , 55.98 , 33.20 , 57.82 , 33.65 , 54.02 
25-Feb-2026,2026,February,Week-4, 20.57 , 54.25 , 18.18 , 54.13 , 27.64 , 67.86 , 27.96 , 66.30 , 27.97 , 66.87 , 28.21 , 64.46 , 18.62 , 64.59 , 27.84 , 72.29 , 17.44 , 63.38 , 17.43 , 63.29 , 30.72 , 53.82 , 31.09 , 51.35 , 29.65 , 54.90 , 29.87 , 62.13 , 30.14 , 60.22 
26-Feb-2026,2026,February,Week-4, 21.31 , 57.88 , 18.05 , 58.14 , 28.15 , 70.01 , 28.61 , 67.16 , 28.62 , 67.53 , 28.77 , 67.11 , 18.75 , 64.44 , 29.50 , 74.57 , 17.45 , 63.64 , 17.45 , 63.64 , 31.30 , 55.38 , 31.67 , 53.49 , 30.26 , 56.81 , 32.75 , 60.87 , 33.07 , 57.44 
27-Feb-2026,2026,February,Week-4, 21.89 , 58.76 , 18.17 , 59.47 , 28.39 , 68.71 , 28.61 , 68.39 , 28.59 , 69.00 , 28.81 , 67.88 , 18.71 , 64.68 , 30.03 , 70.58 , 17.44 , 63.95 , 17.45 , 63.90 , 31.49 , 54.68 , 31.81 , 52.75 , 30.34 , 56.28 , 33.06 , 57.71 , 33.33 , 54.66 
28-Feb-2026,2026,February,Week-4, 21.67 , 54.92 , 17.91 , 54.52 , 28.40 , 65.70 , 28.64 , 65.64 , 28.63 , 66.34 , 28.88 , 63.88 , 18.87 , 63.59 , 30.21 , 70.38 , 17.45 , 62.92 , 17.44 , 62.87 , 31.48 , 52.41 , 31.77 , 50.41 , 30.35 , 53.67 , 33.37 , 56.98 , 33.86 , 53.12 
1-Mar-2026,2026,March,Week-1, 21.52 , 51.27 , 19.39 , 50.46 , 28.56 , 65.04 , 28.85 , 64.36 , 28.86 , 65.43 , 29.10 , 62.14 , 18.81 , 63.34 , 30.91 , 71.88 , 17.43 , 62.50 , 17.42 , 62.52 , 31.67 , 51.22 , 32.00 , 48.98 , 30.55 , 52.36 , 34.07 , 58.40 , 34.50 , 54.64 
2-Mar-2026,2026,March,Week-1, 20.17 , 52.10 , 19.13 , 51.36 , 28.81 , 65.65 , 28.98 , 66.83 , 28.98 , 66.67 , 29.23 , 63.83 , 18.90 , 63.25 , 31.38 , 72.06 , 17.43 , 62.61 , 17.43 , 62.63 , 31.91 , 52.72 , 32.22 , 50.46 , 30.80 , 53.35 , 34.65 , 58.33 , 35.13 , 54.31 
3-Mar-2026,2026,March,Week-1, 19.50 , 56.18 , 18.18 , 56.05 , 28.74 , 67.27 , 28.72 , 69.73 , 28.72 , 69.55 , 28.97 , 67.79 , 18.76 , 64.25 , 31.01 , 69.25 , 17.45 , 63.32 , 17.45 , 63.29 , 31.77 , 54.61 , 32.07 , 52.55 , 30.63 , 55.85 , 34.11 , 56.25 , 34.54 , 52.51 
4-Mar-2026,2026,March,Week-1, 21.47 , 57.14 , 19.65 , 52.94 , 28.62 , 68.05 , 28.65 , 70.36 , 28.63 , 70.46 , 28.90 , 68.46 , 18.90 , 63.55 , 30.58 , 70.69 , 17.46 , 63.12 , 17.45 , 63.14 , 31.68 , 55.19 , 31.96 , 53.27 , 30.50 , 56.87 , 33.74 , 57.25 , 34.24 , 53.39 
5-Mar-2026,2026,March,Week-1, 20.19 , 59.81 , 19.77 , 53.04 , 28.44 , 65.96 , 28.57 , 66.46 , 28.55 , 67.25 , 28.81 , 64.46 , 18.78 , 64.30 , 30.72 , 71.97 , 17.49 , 63.59 , 17.49 , 63.59 , 31.42 , 54.30 , 31.74 , 51.90 , 30.28 , 55.36 , 33.94 , 58.35 , 34.28 , 54.77 
6-Mar-2026,2026,March,Week-1, 18.80 , 58.34 , 19.90 , 50.65 , 28.31 , 68.01 , 28.29 , 70.72 , 28.24 , 70.98 , 28.61 , 66.59 , 18.91 , 63.41 , 30.46 , 72.35 , 17.45 , 63.07 , 17.45 , 63.08 , 31.44 , 54.08 , 31.67 , 52.36 , 30.17 , 56.48 , 33.91 , 58.05 , 34.25 , 54.68 
7-Mar-2026,2026,March,Week-1, 21.50 , 49.40 , 19.41 , 48.16 , 27.93 , 67.47 , 27.82 , 70.02 , 27.77 , 70.10 , 28.17 , 65.92 , 18.78 , 64.68 , 30.46 , 72.05 , 17.47 , 63.63 , 17.47 , 63.62 , 30.98 , 53.82 , 31.20 , 52.42 , 29.63 , 56.82 , 33.81 , 57.96 , 34.20 , 54.41 
8-Mar-2026,2026,March,Week-2, 21.51 , 44.88 , 19.08 , 45.30 , 27.49 , 67.43 , 27.21 , 70.51 , 27.17 , 70.43 , 27.59 , 66.05 , 18.86 , 64.30 , 30.24 , 71.66 , 17.46 , 63.51 , 17.46 , 63.52 , 30.53 , 53.09 , 30.69 , 51.93 , 29.11 , 56.58 , 33.66 , 57.40 , 34.11 , 53.78 
9-Mar-2026,2026,March,Week-2, 20.78 , 52.17 , 18.60 , 50.78 , 27.45 , 67.71 , 27.43 , 69.99 , 27.43 , 69.73 , 27.73 , 66.50 , 18.64 , 65.23 , 30.51 , 71.78 , 17.46 , 63.70 , 17.46 , 63.69 , 30.57 , 53.14 , 30.79 , 51.24 , 29.28 , 55.49 , 33.89 , 57.65 , 34.17 , 54.46 
10-Mar-2026,2026,March,Week-2, 20.32 , 56.94 , 18.83 , 54.42 , 27.78 , 66.35 , 28.16 , 64.80 , 28.17 , 65.23 , 28.38 , 63.43 , 18.87 , 63.55 , 30.49 , 73.18 , 17.45 , 63.01 , 17.44 , 63.07 , 30.97 , 51.68 , 31.32 , 49.22 , 29.84 , 52.77 , 34.04 , 58.66 , 34.34 , 55.33 
11-Mar-2026,2026,March,Week-2, 21.28 , 48.10 , 19.50 , 51.65 , 28.17 , 65.49 , 28.57 , 64.54 , 28.60 , 64.94 , 28.79 , 62.46 , 18.81 , 63.81 , 31.02 , 71.93 , 17.45 , 62.90 , 17.46 , 62.89 , 31.38 , 51.37 , 31.67 , 48.89 , 30.27 , 52.12 , 34.60 , 57.46 , 34.92 , 54.10 
12-Mar-2026,2026,March,Week-2, 21.17 , 50.11 , 17.61 , 47.57 , 28.58 , 67.06 , 28.93 , 66.13 , 28.96 , 66.25 , 29.09 , 65.42 , 18.99 , 63.04 , 31.14 , 71.70 , 17.50 , 63.05 , 17.50 , 63.08 , 31.80 , 53.46 , 32.14 , 50.65 , 30.78 , 53.38 , 33.98 , 59.30 , 34.03 , 57.24 
13-Mar-2026,2026,March,Week-2, 19.45 , 53.67 , 17.68 , 55.42 , 28.78 , 70.38 , 29.17 , 68.63 , 29.21 , 68.81 , 29.37 , 67.08 , 18.78 , 62.45 , 30.98 , 70.99 , 17.43 , 61.44 , 17.42 , 61.47 , 32.09 , 53.87 , 32.36 , 52.10 , 30.93 , 55.80 , 33.76 , 59.15 , 33.74 , 57.81 
14-Mar-2026,2026,March,Week-2, 20.17 , 57.29 , 17.50 , 55.66 , 28.92 , 69.45 , 29.22 , 68.84 , 29.27 , 68.74 , 29.40 , 67.65 , 19.01 , 63.32 , 31.60 , 72.57 , 17.49 , 63.92 , 17.49 , 63.89 , 32.10 , 53.97 , 32.44 , 51.63 , 31.03 , 55.10 , 34.87 , 58.40 , 34.92 , 56.01 
15-Mar-2026,2026,March,Week-3, 20.99 , 59.41 , 17.58 , 54.34 , 29.11 , 65.74 , 29.30 , 66.24 , 29.34 , 65.80 , 29.52 , 63.47 , 18.69 , 62.68 , 32.24 , 69.47 , 17.43 , 62.15 , 17.43 , 62.19 , 32.26 , 52.14 , 32.61 , 49.57 , 31.19 , 52.98 , 35.41 , 56.11 , 35.51 , 53.33 
16-Mar-2026,2026,March,Week-3, 20.67 , 55.39 , 17.38 , 52.53 , 29.19 , 62.95 , 29.26 , 64.47 , 29.28 , 64.15 , 29.51 , 62.44 , 19.07 , 62.18 , 32.13 , 69.65 , 17.43 , 62.15 , 17.43 , 62.13 , 32.27 , 50.18 , 32.59 , 47.59 , 31.16 , 50.80 , 35.33 , 55.92 , 35.62 , 52.69 
17-Mar-2026,2026,March,Week-3, 19.28 , 51.66 , 18.51 , 50.69 , 29.24 , 62.89 , 29.38 , 63.74 , 29.40 , 64.15 , 29.62 , 62.02 , 18.82 , 63.00 , 32.48 , 67.33 , 17.45 , 61.92 , 17.45 , 61.92 , 32.28 , 49.99 , 32.62 , 47.49 , 31.19 , 50.78 , 36.71 , 52.70 , 36.64 , 49.37 
18-Mar-2026,2026,March,Week-3, 19.96 , 47.53 , 18.60 , 49.11 , 29.35 , 61.42 , 29.53 , 61.59 , 29.56 , 62.17 , 29.75 , 60.56 , 19.04 , 61.74 , 32.54 , 67.77 , 17.41 , 61.55 , 17.41 , 61.55 , 32.40 , 48.53 , 32.76 , 45.86 , 31.36 , 48.78 , 39.44 , 45.78 , 38.67 , 44.52 
19-Mar-2026,2026,March,Week-3, 20.42 , 47.11 , 18.99 , 48.00 , 29.42 , 58.56 , 29.59 , 58.84 , 29.61 , 58.75 , 29.78 , 57.49 , 18.81 , 62.58 , 32.59 , 67.74 , 17.44 , 61.40 , 17.44 , 61.37 , 32.40 , 46.69 , 32.77 , 43.69 , 31.37 , 46.24 , 39.40 , 45.63 , 38.48 , 44.88 
20-Mar-2026,2026,March,Week-3, 19.95 , 56.17 , 19.84 , 47.11 , 29.35 , 60.25 , 29.67 , 59.33 , 29.69 , 59.56 , 29.83 , 58.63 , 19.09 , 62.11 , 32.87 , 66.24 , 17.41 , 62.15 , 17.42 , 62.15 , 32.34 , 48.23 , 32.68 , 45.29 , 31.27 , 48.09 , 39.77 , 44.26 , 38.82 , 43.81 
21-Mar-2026,2026,March,Week-3, 20.03 , 55.70 , 19.89 , 47.30 , 29.33 , 61.64 , 29.39 , 62.76 , 29.40 , 62.88 , 29.61 , 61.16 , 18.76 , 62.88 , 33.03 , 66.77 , 17.43 , 61.54 , 17.43 , 61.56 , 32.36 , 48.75 , 32.71 , 46.22 , 31.25 , 49.26 , 39.99 , 44.79 , 38.82 , 44.61 
22-Mar-2026,2026,March,Week-4, 20.05 , 54.82 , 19.94 , 46.29 , 29.18 , 60.99 , 29.31 , 61.72 , 29.31 , 61.99 , 29.56 , 59.84 , 19.03 , 62.65 , 32.55 , 66.79 , 17.44 , 62.41 , 17.44 , 62.44 , 32.26 , 48.17 , 32.51 , 45.99 , 31.03 , 49.48 , 39.52 , 44.54 , 38.51 , 44.21 
23-Mar-2026,2026,March,Week-4, 20.13 , 55.28 , 19.93 , 47.37 , 29.17 , 62.34 , 29.45 , 61.64 , 29.45 , 62.16 , 29.66 , 60.23 , 18.78 , 63.21 , 32.72 , 67.27 , 17.44 , 61.97 , 17.44 , 61.96 , 32.22 , 49.47 , 32.55 , 46.87 , 31.11 , 49.84 , 39.62 , 45.10 , 38.60 , 44.69 
24-Mar-2026,2026,March,Week-4, 20.06 , 54.68 , 20.08 , 47.24 , 29.12 , 62.03 , 29.06 , 65.18 , 29.05 , 65.07 , 29.33 , 62.59 , 19.00 , 63.02 , 32.44 , 68.87 , 17.44 , 62.99 , 17.43 , 62.98 , 32.17 , 49.32 , 32.49 , 47.01 , 31.00 , 50.51 , 39.39 , 46.14 , 38.38 , 45.81 
25-Mar-2026,2026,March,Week-4, 19.36 , 54.28 , 19.11 , 50.38 , 29.10 , 62.20 , 29.13 , 63.92 , 29.12 , 63.95 , 29.34 , 62.85 , 19.00 , 62.74 , 31.90 , 71.20 , 17.42 , 62.78 , 17.42 , 62.54 , 32.09 , 50.10 , 32.45 , 47.23 , 31.08 , 49.87 , 38.86 , 47.78 , 37.47 , 48.44 
26-Mar-2026,2026,March,Week-4, 19.05 , 54.29 , 18.10 , 50.86 , 28.99 , 61.70 , 28.76 , 65.82 , 28.75 , 65.76 , 29.07 , 63.59 , 18.66 , 63.73 , 32.02 , 70.71 , 17.45 , 62.10 , 17.46 , 62.12 , 32.01 , 49.23 , 32.33 , 46.90 , 30.88 , 50.42 , 39.05 , 47.22 , 36.95 , 49.75 
27-Mar-2026,2026,March,Week-4, 19.15 , 53.98 , 18.22 , 48.95 , 28.56 , 58.86 , 28.23 , 63.43 , 28.21 , 63.27 , 28.55 , 61.53 , 18.88 , 63.82 , 31.31 , 72.55 , 17.45 , 63.36 , 17.45 , 63.41 , 31.47 , 48.01 , 31.75 , 45.40 , 30.29 , 49.04 , 38.44 , 48.01 , 39.86 , 42.11 
28-Mar-2026,2026,March,Week-4, 18.97 , 54.02 , 18.13 , 49.48 , 28.35 , 59.82 , 28.25 , 63.16 , 28.24 , 62.92 , 28.53 , 60.86 , 18.55 , 64.42 , 31.58 , 69.53 , 17.46 , 62.24 , 17.46 , 62.22 , 31.32 , 48.02 , 31.64 , 45.38 , 30.17 , 48.88 , 38.63 , 46.48 , 40.21 , 40.66 
29-Mar-2026,2026,March,Week-5, 20.05 , 51.29 , 18.03 , 48.84 , 28.48 , 62.03 , 28.92 , 61.18 , 28.93 , 61.58 , 29.11 , 60.02 , 18.92 , 63.01 , 32.06 , 70.75 , 17.41 , 62.74 , 17.41 , 62.73 , 31.54 , 49.73 , 31.85 , 46.68 , 30.44 , 49.63 , 39.09 , 46.47 , 40.67 , 40.33 
30-Mar-2026,2026,March,Week-5, 20.82 , 51.62 , 17.96 , 51.20 , 28.91 , 64.89 , 29.46 , 62.50 , 29.52 , 62.99 , 29.65 , 61.89 , 18.73 , 63.35 , 32.65 , 67.94 , 17.45 , 61.90 , 17.45 , 61.91 , 32.04 , 51.43 , 32.40 , 49.26 , 30.99 , 51.94 , 39.52 , 45.18 , 41.03 , 39.70 
31-Mar-2026,2026,March,Week-5, 20.62 , 57.64 , 17.97 , 48.52 , 29.03 , 60.96 , 29.37 , 60.39 , 29.38 , 60.81 , 29.57 , 59.02 , 19.08 , 62.17 , 32.47 , 66.94 , 17.42 , 62.40 , 17.42 , 62.39 , 32.10 , 48.00 , 32.45 , 45.38 , 31.03 , 48.21 , 39.39 , 44.54 , 41.05 , 38.75 
1-Apr-2026,2026,April,Week-1, 20.65 , 58.20 , 17.86 , 50.57 , 29.42 , 62.15 , 29.84 , 60.60 , 29.88 , 61.00 , 29.99 , 60.79 , 18.67 , 62.70 , 32.62 , 69.30 , 17.41 , 61.04 , 17.41 , 61.06 , 32.48 , 49.05 , 32.88 , 46.39 , 31.56 , 48.80 , 39.41 , 45.89 , 39.64 , 41.06 
2-Apr-2026,2026,April,Week-1, 20.87 , 57.69 , 19.29 , 48.47 , 29.63 , 59.60 , 30.12 , 57.82 , 30.16 , 58.12 , 30.27 , 57.47 , 19.13 , 62.01 , 32.57 , 67.87 , 17.43 , 62.34 , 17.43 , 62.34 , 32.61 , 47.26 , 33.00 , 44.73 , 31.68 , 47.15 , 39.33 , 44.93 , 39.05 , 41.07 
3-Apr-2026,2026,April,Week-1, 22.53 , 57.01 , 19.19 , 49.06 , 29.76 , 61.14 , 30.13 , 59.83 , 30.15 , 60.23 , 30.28 , 60.00 , 18.76 , 62.32 , 32.45 , 67.39 , 17.43 , 60.81 , 17.43 , 60.74 , 32.74 , 48.06 , 33.14 , 45.52 , 31.85 , 48.20 , 39.13 , 45.09 , 39.10 , 40.85 
4-Apr-2026,2026,April,Week-1, 20.47 , 50.45 , 19.36 , 49.40 , 29.89 , 60.93 , 30.31 , 58.76 , 30.35 , 59.14 , 30.46 , 58.95 , 19.17 , 62.13 , 32.45 , 68.74 , 17.44 , 62.61 , 17.44 , 62.61 , 32.87 , 47.97 , 33.24 , 45.41 , 31.90 , 48.05 , 39.20 , 45.51 , 39.45 , 40.95 
5-Apr-2026,2026,April,Week-1, 20.55 , 56.74 , 19.90 , 48.69 , 29.84 , 60.87 , 30.14 , 59.49 , 30.16 , 59.91 , 30.31 , 59.56 , 18.74 , 61.96 , 32.90 , 67.47 , 17.41 , 60.26 , 17.41 , 60.29 , 32.84 , 47.57 , 33.20 , 45.06 , 31.85 , 47.94 , 39.74 , 44.75 , 38.76 , 41.38 
6-Apr-2026,2026,April,Week-1, 20.83 , 53.60 , 19.01 , 49.27 , 29.84 , 59.24 , 30.12 , 58.29 , 30.15 , 57.56 , 30.28 , 58.09 , 19.10 , 61.90 , 33.05 , 66.62 , 17.42 , 62.11 , 17.42 , 62.14 , 32.80 , 47.04 , 33.15 , 44.54 , 31.83 , 46.99 , 39.89 , 44.06 , 38.40 , 41.63 
7-Apr-2026,2026,April,Week-1, 20.75 , 53.64 , 18.88 , 49.07 , 29.63 , 59.93 , 29.88 , 59.80 , 29.87 , 60.07 , 30.08 , 58.73 , 18.63 , 62.16 , 33.11 , 66.69 , 17.39 , 60.30 , 17.39 , 60.29 , 32.61 , 47.67 , 32.95 , 45.04 , 31.53 , 48.15 , 39.95 , 44.27 , 38.62 , 41.51 
8-Apr-2026,2026,April,Week-2, 20.97 , 55.20 , 18.85 , 51.60 , 29.86 , 61.96 , 30.28 , 60.59 , 30.32 , 61.14 , 30.47 , 59.53 , 19.13 , 61.62 , 33.34 , 66.89 , 17.40 , 62.08 , 17.40 , 61.98 , 32.93 , 49.25 , 33.27 , 46.98 , 31.91 , 49.53 , 40.14 , 44.44 , 38.78 , 41.74 
9-Apr-2026,2026,April,Week-2, 21.23 , 58.56 , 18.83 , 59.29 , 29.87 , 64.01 , 30.28 , 62.88 , 30.30 , 63.14 , 30.45 , 62.31 , 18.74 , 62.36 , 33.05 , 66.07 , 17.44 , 60.97 , 17.45 , 61.00 , 32.90 , 51.07 , 33.22 , 49.03 , 31.82 , 51.87 , 39.85 , 44.37 , 38.93 , 41.42 
10-Apr-2026,2026,April,Week-2, 18.92 , 57.15 , 18.32 , 62.05 , 29.72 , 63.27 , 30.08 , 61.96 , 30.10 , 62.66 , 30.31 , 60.00 , 19.27 , 61.59 , 32.80 , 65.69 , 17.41 , 62.37 , 17.41 , 62.38 , 32.77 , 49.91 , 33.04 , 48.29 , 31.64 , 51.42 , 39.56 , 44.17 , 38.65 , 41.22 
11-Apr-2026,2026,April,Week-2, 19.78 , 51.65 , 17.96 , 50.53 , 29.73 , 61.24 , 30.05 , 60.44 , 30.09 , 60.83 , 30.29 , 58.92 , 18.73 , 61.98 , 32.90 , 66.53 , 17.41 , 60.38 , 17.41 , 60.41 , 32.76 , 48.38 , 33.08 , 46.22 , 31.69 , 48.88 , 39.54 , 44.52 , 38.63 , 41.29 
12-Apr-2026,2026,April,Week-2, 21.48 , 43.42 , 17.92 , 49.79 , 29.56 , 61.25 , 29.91 , 60.70 , 29.93 , 61.19 , 30.13 , 58.64 , 19.20 , 61.66 , 33.01 , 66.62 , 17.41 , 62.25 , 17.40 , 62.22 , 32.60 , 48.41 , 32.88 , 46.32 , 31.47 , 49.15 , 39.77 , 44.26 , 38.69 , 41.42 
13-Apr-2026,2026,April,Week-2, 21.62 , 43.94 , 19.58 , 48.29 , 29.83 , 64.90 , 30.38 , 62.39 , 30.41 , 63.44 , 30.58 , 61.47 , 18.66 , 61.35 , 33.59 , 66.04 , 17.36 , 59.81 , 17.37 , 59.85 , 33.00 , 50.61 , 33.36 , 48.42 , 31.98 , 51.21 , 40.35 , 44.18 , 39.03 , 41.79 
14-Apr-2026,2026,April,Week-2, 21.00 , 45.78 , 20.61 , 45.77 , 30.09 , 58.52 , 30.73 , 56.14 , 30.78 , 56.30 , 30.87 , 55.78 , 19.27 , 61.69 , 33.77 , 64.84 , 17.42 , 62.44 , 17.43 , 62.48 , 33.14 , 46.17 , 33.47 , 43.78 , 32.13 , 46.30 , 40.61 , 42.94 , 37.76 , 42.18 
15-Apr-2026,2026,April,Week-3, 21.07 , 46.28 , 20.75 , 45.70 , 30.03 , 60.06 , 30.45 , 58.61 , 30.49 , 58.82 , 30.62 , 57.99 , 18.71 , 61.85 , 33.38 , 65.44 , 17.42 , 60.17 , 17.42 , 60.16 , 33.04 , 47.77 , 33.33 , 45.45 , 31.97 , 48.17 , 40.15 , 43.76 , 38.35 , 41.72 
16-Apr-2026,2026,April,Week-3, 21.32 , 46.79 , 21.02 , 48.03 , 29.98 , 60.69 , 30.48 , 58.44 , 30.52 , 58.73 , 30.63 , 58.05 , 19.25 , 61.33 , 33.31 , 66.43 , 17.41 , 62.07 , 17.40 , 62.09 , 33.01 , 47.83 , 33.31 , 45.18 , 31.98 , 47.97 , 40.05 , 44.21 , 38.44 , 41.70 
17-Apr-2026,2026,April,Week-3, 21.95 , 47.59 , 20.77 , 45.69 , 30.11 , 61.77 , 30.41 , 60.39 , 30.44 , 61.00 , 30.57 , 60.49 , 18.69 , 62.12 , 33.32 , 67.26 , 17.41 , 60.47 , 17.42 , 60.41 , 33.16 , 48.59 , 33.47 , 46.01 , 32.14 , 48.81 , 40.10 , 44.66 , 38.58 , 41.77 
18-Apr-2026,2026,April,Week-3, 21.77 , 50.87 , 19.43 , 47.59 , 30.06 , 59.00 , 30.16 , 59.38 , 30.19 , 59.31 , 30.33 , 59.09 , 19.10 , 62.15 , 32.82 , 67.33 , 17.41 , 62.53 , 17.41 , 62.56 , 33.01 , 46.76 , 33.36 , 43.93 , 32.02 , 46.59 , 39.65 , 44.68 , 38.44 , 41.47 
19-Apr-2026,2026,April,Week-3, 21.96 , 55.18 , 18.96 , 49.85 , 30.04 , 59.48 , 30.43 , 57.66 , 30.45 , 58.34 , 30.57 , 58.06 , 18.57 , 62.06 , 32.70 , 68.94 , 17.41 , 60.06 , 17.41 , 60.04 , 33.01 , 47.12 , 33.36 , 44.27 , 32.01 , 47.13 , 39.44 , 45.88 , 39.26 , 41.24 
20-Apr-2026,2026,April,Week-3, 22.29 , 54.15 , 18.94 , 49.58 , 30.26 , 58.47 , 30.82 , 55.73 , 30.82 , 57.05 , 30.95 , 56.79 , 19.17 , 61.49 , 32.68 , 66.26 , 17.42 , 62.17 , 17.41 , 62.15 , 33.32 , 45.84 , 33.66 , 43.13 , 32.35 , 46.03 , 38.36 , 48.74 , 46.21 , 38.83 
21-Apr-2026,2026,April,Week-3, 22.62 , 53.32 , 20.05 , 49.16 , 30.31 , 59.37 , 30.86 , 55.36 , 30.89 , 56.03 , 31.00 , 55.47 , 18.58 , 63.25 , 33.29 , 68.74 , 17.48 , 60.96 , 17.48 , 61.16 , 33.36 , 47.59 , 33.68 , 45.09 , 32.35 , 48.26 , 40.09 , 45.83 , 48.14 , 39.36 
22-Apr-2026,2026,April,Week-4, 22.58 , 52.28 , 21.49 , 46.42 , 30.18 , 60.93 , 30.39 , 60.57 , 30.42 , 60.92 , 30.56 , 59.66 , 19.10 , 62.36 , 33.63 , 66.59 , 17.48 , 62.90 , 17.48 , 62.92 , 33.19 , 48.96 , 33.50 , 46.41 , 32.20 , 49.27 , 40.53 , 44.73 , 42.63 , 40.35 
23-Apr-2026,2026,April,Week-4, 22.51 , 52.99 , 21.60 , 46.28 , 30.10 , 59.83 , 30.30 , 60.07 , 30.32 , 60.39 , 30.50 , 58.97 , 18.53 , 62.31 , 33.57 , 66.98 , 17.41 , 59.97 , 17.42 , 59.97 , 33.14 , 46.88 , 33.45 , 44.33 , 32.08 , 47.32 , 40.50 , 44.53 , 42.28 , 40.47 
24-Apr-2026,2026,April,Week-4, 22.49 , 54.56 , 21.60 , 46.06 , 29.85 , 55.00 , 29.94 , 57.44 , 29.94 , 57.68 , 30.15 , 54.94 , 18.96 , 62.37 , 33.18 , 67.91 , 17.46 , 62.56 , 17.46 , 62.55 , 32.73 , 45.28 , 33.11 , 41.67 , 31.77 , 44.51 , 40.10 , 45.21 , 42.61 , 40.22 
25-Apr-2026,2026,April,Week-4, 21.72 , 56.48 , 21.58 , 50.43 , 30.14 , 61.35 , 30.53 , 59.94 , 30.56 , 60.11 , 30.69 , 60.40 , 18.48 , 61.03 , 32.98 , 69.51 , 17.40 , 58.23 , 17.40 , 58.49 , 33.32 , 47.99 , 33.66 , 45.20 , 32.35 , 48.03 , 40.25 , 45.70 , 42.96 , 40.31 
26-Apr-2026,2026,April,Week-4, 21.02 , 46.41 , 20.14 , 47.43 , 30.29 , 59.42 , 30.91 , 57.04 , 30.94 , 57.34 , 31.04 , 56.65 , 19.13 , 61.80 , 33.15 , 68.32 , 17.42 , 62.52 , 17.41 , 62.57 , 33.31 , 46.85 , 33.66 , 44.34 , 32.34 , 46.98 , 39.95 , 45.75 , 43.36 , 39.99 
27-Apr-2026,2026,April,Week-4, 22.89 , 44.08 , 20.12 , 46.26 , 30.49 , 59.22 , 31.21 , 55.83 , 31.24 , 56.33 , 31.32 , 56.27 , 18.57 , 60.71 , 33.67 , 66.75 , 17.35 , 58.44 , 17.34 , 58.43 , 33.55 , 45.83 , 33.89 , 43.61 , 32.55 , 46.55 , 40.40 , 44.81 , 42.82 , 40.20 
28-Apr-2026,2026,April,Week-4, 23.49 , 43.58 , 21.47 , 44.48 , 30.72 , 58.02 , 31.19 , 55.76 , 31.23 , 56.33 , 31.34 , 55.61 , 19.25 , 61.33 , 34.07 , 65.73 , 17.40 , 62.26 , 17.40 , 62.26 , 33.75 , 45.17 , 34.11 , 42.81 , 32.79 , 45.66 , 40.78 , 43.50 , 42.54 , 40.28 
29-Apr-2026,2026,April,Week-5, 21.03 , 48.79 , 21.54 , 44.81 , 30.77 , 58.03 , 31.27 , 55.37 , 31.27 , 56.08 , 31.41 , 56.27 , 18.59 , 61.03 , 34.22 , 66.04 , 17.38 , 58.90 , 17.37 , 58.86 , 33.81 , 45.25 , 34.17 , 42.60 , 32.84 , 45.60 , 40.99 , 43.84 , 41.58 , 40.98 
30-Apr-2026,2026,April,Week-5, 19.52 , 48.09 , 21.61 , 45.31 , 30.76 , 58.28 , 31.03 , 57.69 , 31.04 , 57.87 , 31.21 , 56.70 , 19.16 , 61.99 , 34.23 , 65.43 , 17.41 , 62.72 , 17.41 , 62.78 , 33.72 , 45.89 , 34.06 , 43.33 , 32.73 , 46.09 , 41.04 , 43.39 , 42.53 , 40.19 
1-May-2026,2026,May,Week-1, 19.16 , 49.71 , 20.97 , 44.28 , 30.44 , 58.31 , 30.51 , 58.44 , 30.53 , 58.40 , 30.70 , 57.29 , 18.56 , 62.70 , 33.75 , 64.49 , 17.44 , 60.23 , 17.44 , 60.21 , 33.34 , 45.92 , 33.62 , 43.66 , 32.26 , 46.56 , 40.61 , 42.95 , 39.40 , 42.82 
2-May-2026,2026,May,Week-1, 18.68 , 56.07 , 21.42 , 45.63 , 30.06 , 58.24 , 30.43 , 57.54 , 30.45 , 57.52 , 30.60 , 56.33 , 19.14 , 62.54 , 33.62 , 65.10 , 17.44 , 63.13 , 17.44 , 63.09 , 32.99 , 46.45 , 33.24 , 44.03 , 31.86 , 46.91 , 40.50 , 43.45 , 39.06 , 44.01 
3-May-2026,2026,May,Week-1, 17.60 , 56.97 , 21.58 , 46.82 , 30.07 , 60.77 , 30.60 , 58.42 , 30.64 , 58.88 , 30.76 , 57.93 , 18.61 , 62.14 , 33.72 , 64.75 , 17.42 , 59.99 , 17.42 , 59.95 , 33.08 , 48.04 , 33.39 , 45.49 , 32.07 , 48.18 , 40.49 , 43.56 , 38.43 , 45.68 
4-May-2026,2026,May,Week-1, 17.38 , 59.75 , 21.68 , 46.71 , 30.07 , 60.61 , 30.28 , 59.63 , 30.31 , 59.17 , 30.50 , 57.99 , 19.17 , 62.94 , 33.35 , 65.69 , 17.45 , 63.87 , 17.45 , 63.88 , 33.06 , 48.77 , 33.38 , 45.76 , 32.07 , 48.34 , 40.13 , 44.56 , 37.97 , 46.90 
5-May-2026,2026,May,Week-1, 19.78 , 48.21 , 20.08 , 45.19 , 29.46 , 58.42 , 29.18 , 61.68 , 29.16 , 61.47 , 29.44 , 59.59 , 18.52 , 63.58 , 32.18 , 67.44 , 17.46 , 60.91 , 17.46 , 60.85 , 32.33 , 47.09 , 32.60 , 44.63 , 31.15 , 47.66 , 39.08 , 45.82 , 36.80 , 48.41 
6-May-2026,2026,May,Week-1, 21.59 , 48.29 , 20.22 , 48.19 , 29.25 , 61.07 , 29.43 , 61.35 , 29.43 , 61.59 , 29.65 , 60.02 , 19.00 , 63.74 , 32.13 , 68.03 , 17.45 , 64.23 , 17.44 , 64.24 , 32.22 , 49.18 , 32.55 , 45.92 , 31.13 , 48.94 , 39.05 , 45.65 , 36.82 , 48.56 
7-May-2026,2026,May,Week-1, 19.46 , 50.62 , 20.14 , 47.95 , 29.66 , 62.91 , 30.04 , 62.32 , 30.07 , 62.00 , 30.18 , 62.52 , 18.53 , 62.77 , 32.52 , 68.43 , 17.41 , 60.45 , 17.41 , 60.45 , 32.77 , 49.77 , 33.18 , 46.84 , 31.85 , 49.52 , 39.43 , 45.73 , 37.23 , 48.38 
8-May-2026,2026,May,Week-2, 17.36 , 56.84 , 18.97 , 47.74 , 29.78 , 60.27 , 30.36 , 57.90 , 30.41 , 58.09 , 30.52 , 57.27 , 19.08 , 62.72 , 33.18 , 65.88 , 17.44 , 63.14 , 17.43 , 63.16 , 32.81 , 47.50 , 33.19 , 44.71 , 31.85 , 47.20 , 40.11 , 44.05 , 37.82 , 46.55 
9-May-2026,2026,May,Week-2, 17.34 , 57.62 , 18.82 , 47.59 , 29.98 , 59.23 , 30.59 , 55.99 , 30.60 , 57.00 , 30.73 , 56.16 , 18.59 , 61.84 , 33.56 , 66.31 , 17.39 , 59.69 , 17.39 , 59.69 , 33.03 , 46.35 , 33.38 , 43.77 , 32.07 , 46.23 , 40.39 , 44.43 , 38.11 , 46.97 
10-May-2026,2026,May,Week-2, 17.36 , 58.46 , 18.89 , 49.17 , 30.17 , 60.79 , 30.79 , 57.17 , 30.83 , 58.06 , 30.94 , 57.31 , 19.20 , 62.41 , 33.96 , 65.73 , 17.43 , 63.29 , 17.42 , 63.26 , 33.25 , 48.19 , 33.59 , 45.20 , 32.31 , 47.67 , 40.85 , 43.91 , 38.57 , 46.79 
11-May-2026,2026,May,Week-2, 17.79 , 60.18 , 18.90 , 49.97 , 30.31 , 62.04 , 30.77 , 59.66 , 30.80 , 60.58 , 30.90 , 60.40 , 18.64 , 62.33 , 33.69 , 66.67 , 17.40 , 60.50 , 17.40 , 60.48 , 33.37 , 49.29 , 33.74 , 46.41 , 32.45 , 48.92 , 40.61 , 44.48 , 38.66 , 46.88 
12-May-2026,2026,May,Week-2, 19.05 , 59.24 , 20.28 , 49.32 , 29.73 , 46.14 , 30.06 , 45.46 , 30.13 , 45.17 , 30.07 , 45.24 , 19.00 , 62.37 , 33.33 , 66.10 , 17.67 , 62.71 , 17.66 , 62.69 , 32.53 , 43.15 , 32.95 , 37.70 , 31.75 , 38.32 , 40.42 , 44.15 , 37.82 , 47.79 
13-May-2026,2026,May,Week-2, 19.42 , 59.28 , 21.54 , 45.37 , 29.69 , 54.21 , 30.33 , 51.66 , 30.39 , 51.50 , 30.38 , 51.96 , 18.61 , 62.21 , 33.08 , 66.82 , 17.52 , 60.20 , 17.52 , 60.20 , 32.65 , 44.27 , 33.07 , 40.89 , 31.78 , 42.86 , 39.90 , 44.59 , 36.77 , 50.42 
14-May-2026,2026,May,Week-2, 20.25 , 58.83 , 21.44 , 46.15 , 29.99 , 59.06 , 30.76 , 55.33 , 30.81 , 55.99 , 30.83 , 56.21 , 19.27 , 61.42 , 33.51 , 66.96 , 17.40 , 62.14 , 17.40 , 62.18 , 33.05 , 47.37 , 33.41 , 45.01 , 32.11 , 46.86 , 40.05 , 45.72 , 37.03 , 50.38 
15-May-2026,2026,May,Week-3, 21.30 , 54.49 , 21.64 , 45.47 , 30.14 , 59.85 , 30.75 , 56.16 , 30.78 , 57.10 , 30.86 , 57.24 , 18.65 , 61.02 , 33.32 , 67.14 , 17.37 , 59.21 , 17.37 , 59.20 , 33.21 , 47.28 , 33.54 , 44.42 , 32.21 , 46.93 , 39.89 , 45.99 , 36.81 , 51.03 
16-May-2026,2026,May,Week-3, 20.32 , 55.73 , 21.58 , 44.76 , 30.11 , 58.50 , 30.38 , 57.25 , 30.37 , 57.65 , 30.54 , 57.05 , 19.14 , 62.01 , 33.13 , 67.37 , 17.39 , 62.61 , 17.38 , 62.63 , 33.09 , 46.58 , 33.43 , 43.72 , 32.05 , 46.21 , 39.75 , 45.68 , 36.71 , 50.84 
17-May-2026,2026,May,Week-3, 20.53 , 59.49 , 20.20 , 49.77 , 29.94 , 60.95 , 30.00 , 62.42 , 30.00 , 62.03 , 30.22 , 60.58 , 18.64 , 62.56 , 32.93 , 68.29 , 17.45 , 60.68 , 17.44 , 60.70 , 32.88 , 50.26 , 33.22 , 47.63 , 31.81 , 50.34 , 39.62 , 46.47 , 36.60 , 51.11 
18-May-2026,2026,May,Week-3, 18.93 , 53.93 , 19.35 , 46.41 , 29.83 , 60.36 , 30.26 , 59.15 , 30.29 , 59.44 , 30.45 , 58.50 , 19.10 , 62.98 , 32.66 , 66.86 , 17.42 , 63.34 , 17.42 , 63.39 , 32.80 , 48.28 , 33.14 , 45.26 , 31.77 , 47.96 , 39.36 , 45.18 , 36.30 , 50.55 
19-May-2026,2026,May,Week-3, 17.39 , 57.57 , 20.29 , 44.14 , 29.75 , 54.21 , 30.29 , 52.37 , 30.34 , 52.67 , 30.41 , 51.79 , 18.62 , 62.32 , 32.92 , 68.63 , 17.48 , 60.31 , 17.48 , 60.33 , 32.65 , 43.55 , 33.02 , 40.79 , 31.71 , 42.98 , 39.58 , 46.48 , 36.64 , 51.55 
20-May-2026,2026,May,Week-3, 17.98 , 58.95 , 18.64 , 46.01 , 29.78 , 57.70 , 29.92 , 58.87 , 29.95 , 58.76 , 30.12 , 57.16 , 19.09 , 63.07 , 32.95 , 66.29 , 17.44 , 63.12 , 17.44 , 63.10 , 32.75 , 46.31 , 33.12 , 43.65 , 31.79 , 46.02 , 39.66 , 45.06 , 36.58 , 49.82 
21-May-2026,2026,May,Week-3, 18.20 , 58.73 , 17.29 , 48.31 , 29.73 , 59.64 , 30.09 , 58.89 , 30.11 , 59.55 , 30.29 , 58.25 , 18.63 , 62.65 , 32.87 , 68.11 , 17.41 , 60.79 , 17.41 , 60.75 , 32.74 , 48.03 , 33.11 , 44.72 , 31.74 , 47.28 , 39.61 , 46.07 , 37.50 , 48.92 
22-May-2026,2026,May,Week-4, 18.19 , 60.72 , 17.49 , 50.69 , 30.06 , 62.15 , 30.70 , 59.21 , 30.79 , 59.13 , 30.87 , 58.87 , 19.07 , 62.09 , 33.69 , 65.65 , 17.39 , 62.45 , 17.40 , 62.42 , 33.16 , 50.12 , 33.50 , 47.51 , 32.23 , 49.59 , 40.33 , 44.83 , 39.32 , 44.44 
23-May-2026,2026,May,Week-4, 18.05 , 56.44 , 17.76 , 47.40 , 29.94 , 57.22 , 29.97 , 58.56 , 29.98 , 58.08 , 30.18 , 57.38 , 18.75 , 63.30 , 33.10 , 64.95 , 17.48 , 61.56 , 17.48 , 61.63 , 32.90 , 46.01 , 33.21 , 43.25 , 31.83 , 45.75 , 39.92 , 44.30 , 38.75 , 44.62 
24-May-2026,2026,May,Week-4, 17.80 , 54.99 , 20.49 , 50.30 , 29.60 , 60.89 , 29.74 , 60.89 , 29.77 , 60.28 , 29.93 , 60.69 , 18.99 , 63.87 , 32.69 , 66.31 , 17.45 , 63.71 , 17.44 , 63.69 , 32.51 , 49.91 , 32.80 , 47.33 , 31.37 , 49.88 , 39.42 , 45.25 , 38.34 , 45.44 
25-May-2026,2026,May,Week-4, 18.15 , 59.39 , 21.03 , 48.17 , 29.22 , 62.14 , 29.39 , 62.66 , 29.41 , 62.56 , 29.60 , 61.43 , 18.75 , 63.77 , 32.11 , 66.74 , 17.48 , 62.09 , 17.47 , 62.08 , 32.16 , 50.49 , 32.40 , 48.62 , 30.94 , 51.55 , 38.84 , 45.49 , 37.79 , 45.34 
26-May-2026,2026,May,Week-4, 18.21 , 57.71 , 20.79 , 53.77 , 29.28 , 62.14 , 29.96 , 59.76 , 30.01 , 60.22 , 30.13 , 58.86 , 19.10 , 63.30 , 32.29 , 67.17 , 17.45 , 63.41 , 17.45 , 63.39 , 32.35 , 49.64 , 32.65 , 47.16 , 31.19 , 50.09 , 38.89 , 45.76 , 38.07 , 45.25 
27-May-2026,2026,May,Week-4, 18.20 , 57.21 , 20.39 , 58.77 , 29.32 , 60.64 , 30.06 , 57.18 , 30.10 , 57.59 , 30.20 , 57.11 , 18.83 , 62.79 , 32.29 , 67.45 , 17.44 , 61.44 , 17.44 , 61.45 , 32.37 , 48.01 , 32.65 , 45.58 , 31.25 , 48.43 , 38.86 , 46.09 , 38.27 , 45.18 
28-May-2026,2026,May,Week-4, 18.30 , 54.65 , 19.83 , 60.79 , 29.50 , 59.28 , 30.30 , 55.82 , 30.36 , 56.18 , 30.43 , 55.54 , 19.13 , 62.74 , 32.52 , 63.46 , 17.45 , 62.65 , 17.44 , 62.64 , 32.55 , 46.22 , 32.86 , 44.53 , 31.53 , 47.07 , 38.98 , 43.62 , 38.22 , 42.89 
29-May-2026,2026,May,Week-5, 18.56 , 50.71 , 20.46 , 65.18 , 29.68 , 58.76 , 30.48 , 55.26 , 30.53 , 55.58 , 30.59 , 55.57 , 18.87 , 62.26 , 32.66 , 63.57 , 17.43 , 60.80 , 17.43 , 60.81 , 32.75 , 45.84 , 33.07 , 43.81 , 31.70 , 46.56 , 39.15 , 43.55 , 38.33 , 43.16 
30-May-2026,2026,May,Week-5, 18.34 , 51.37 , 20.02 , 61.48 , 29.88 , 58.72 , 30.56 , 55.66 , 30.61 , 55.91 , 30.70 , 55.41 , 19.12 , 62.52 , 33.59 , 63.70 , 17.43 , 62.46 , 17.44 , 62.51 , 32.96 , 45.72 , 33.28 , 43.33 , 31.93 , 46.19 , 40.21 , 43.11 , 39.27 , 42.66 
31-May-2026,2026,May,Week-5, 17.56 , 61.42 , 19.19 , 63.15 , 29.99 , 58.64 , 30.15 , 59.54 , 30.18 , 59.14 , 30.38 , 57.23 , 18.86 , 62.75 , 33.53 , 63.89 , 17.45 , 61.24 , 17.45 , 61.26 , 33.04 , 46.25 , 33.34 , 44.24 , 31.98 , 46.70 , 40.29 , 43.36 , 38.91 , 43.91 
1-Jun-2026,2026,June,Week-1, 18.28 , 57.78 , 18.58 , 65.96 , 29.73 , 58.35 , 29.98 , 58.95 , 30.00 , 59.33 , 30.22 , 57.61 , 18.99 , 63.31 , 33.66 , 63.91 , 17.46 , 63.00 , 17.45 , 63.00 , 32.71 , 47.01 , 33.00 , 44.33 , 31.60 , 47.04 , 40.45 , 43.26 , 38.44 , 44.90 
2-Jun-2026,2026,June,Week-1, 19.81 , 52.68 , 18.51 , 64.61 , 29.83 , 58.83 , 30.47 , 56.27 , 30.52 , 56.36 , 30.66 , 55.20 , 18.86 , 62.55 , 33.66 , 63.95 , 17.43 , 61.10 , 17.43 , 61.10 , 32.85 , 46.78 , 33.17 , 43.95 , 31.82 , 46.47 , 40.31 , 43.31 , 38.36 , 45.04 
3-Jun-2026,2026,June,Week-1, 22.06 , 44.48 , 19.58 , 67.16 , 30.09 , 59.53 , 30.64 , 56.99 , 30.70 , 57.59 , 30.82 , 56.72 , 19.07 , 62.81 , 33.66 , 62.77 , 17.44 , 62.52 , 17.43 , 62.60 , 33.21 , 46.62 , 33.53 , 43.93 , 32.21 , 46.55 , 40.33 , 42.52 , 38.25 , 44.48 
4-Jun-2026,2026,June,Week-1, 22.46 , 44.47 , 19.59 , 66.08 , 30.28 , 59.10 , 30.77 , 56.98 , 30.84 , 57.23 , 30.94 , 57.00 , 18.84 , 62.34 , 33.34 , 64.39 , 17.43 , 61.03 , 17.43 , 61.02 , 33.36 , 46.48 , 33.68 , 43.67 , 32.35 , 46.36 , 40.01 , 43.64 , 38.07 , 45.59 
5-Jun-2026,2026,June,Week-1, 22.06 , 55.16 , 20.95 , 66.79 , 30.44 , 59.54 , 30.94 , 57.10 , 31.00 , 57.27 , 31.09 , 57.23 , 19.06 , 62.94 , 33.54 , 64.57 , 17.45 , 62.86 , 17.45 , 62.86 , 33.51 , 47.54 , 33.88 , 43.93 , 32.53 , 46.72 , 40.21 , 43.77 , 38.21 , 45.72 
6-Jun-2026,2026,June,Week-1, 20.19 , 51.72 , 20.60 , 63.43 , 30.69 , 59.85 , 30.96 , 59.29 , 31.01 , 59.22 , 31.12 , 59.18 , 18.87 , 62.92 , 32.87 , 66.01 , 17.44 , 61.79 , 17.44 , 61.75 , 33.74 , 47.53 , 34.11 , 44.31 , 32.80 , 46.93 , 39.66 , 44.51 , 37.50 , 46.75 
7-Jun-2026,2026,June,Week-1, 18.94 , 48.51 , 19.96 , 62.57 , 30.61 , 59.00 , 30.88 , 58.08 , 30.95 , 57.94 , 31.05 , 58.60 , 18.56 , 63.62 , 32.87 , 62.47 , 17.48 , 61.06 , 17.47 , 61.07 , 33.63 , 46.18 , 33.96 , 43.51 , 32.62 , 46.29 , 39.58 , 42.44 , 37.52 , 44.33 
8-Jun-2026,2026,June,Week-2, 18.80 , 48.18 , 20.53 , 57.44 , 30.36 , 57.30 , 30.82 , 55.53 , 30.87 , 55.65 , 30.98 , 55.47 , 18.58 , 63.83 , 33.17 , 61.93 , 17.49 , 61.23 , 17.49 , 61.24 , 33.30 , 45.05 , 33.59 , 42.48 , 32.22 , 45.47 , 39.79 , 42.17 , 37.69 , 44.04 
9-Jun-2026,2026,June,Week-2, 18.80 , 48.94 , 20.56 , 57.97 , 30.24 , 59.13 , 30.68 , 57.33 , 30.73 , 57.48 , 30.84 , 57.35 , 18.59 , 64.15 , 33.34 , 61.74 , 17.49 , 61.60 , 17.50 , 61.66 , 33.22 , 46.54 , 33.52 , 43.90 , 32.15 , 46.98 , 39.98 , 42.07 , 37.88 , 43.92 
10-Jun-2026,2026,June,Week-2, 18.79 , 50.85 , 20.59 , 58.05 , 29.19 , 59.17 , 29.18 , 59.49 , 29.22 , 59.52 , 29.28 , 58.30 , 18.57 , 63.75 , 33.05 , 61.77 , 17.49 , 61.02 , 17.49 , 61.02 , 31.43 , 47.80 , 31.51 , 47.02 , 30.20 , 50.07 , 39.84 , 41.79 , 37.46 , 44.18 
11-Jun-2026,2026,June,Week-2, 18.73 , 49.64 , 20.40 , 59.32 , 28.17 , 61.14 , 28.37 , 61.80 , 28.40 , 61.83 , 28.52 , 59.23 , 18.54 , 64.11 , 32.43 , 65.11 , 17.48 , 61.52 , 17.48 , 61.52 , 29.29 , 46.17 , 29.10 , 46.90 , 28.22 , 48.68 , 39.11 , 43.93 , 36.68 , 46.46 
12-Jun-2026,2026,June,Week-2, 18.75 , 49.60 , 20.41 , 58.93 , 28.26 , 62.49 , 28.96 , 60.60 , 29.01 , 61.18 , 29.16 , 59.10 , 18.57 , 64.30 , 32.29 , 66.69 , 17.48 , 61.77 , 17.48 , 61.77 , 26.50 , 44.50 , 26.20 , 45.50 , 25.90 , 46.60 , 39.20 , 43.70 , 37.00 , 45.70 
13-Jun-2026,2026,June,Week-2, 20.00 , 49.90 , 18.65 , 58.79 , 28.69 , 61.16 , 29.28 , 59.05 , 29.33 , 59.33 , 29.44 , 58.98 , 18.53 , 64.54 , 31.71 , 66.32 , 17.49 , 61.82 , 17.49 , 61.80 , 26.50 , 44.50 , 26.20 , 45.50 , 25.90 , 46.60 , 39.20 , 43.70 , 37.00 , 45.70 
14-Jun-2026,2026,June,Week-2, 20.44 , 51.19 , 18.98 , 63.48 , 28.85 , 61.63 , 29.21 , 60.28 , 29.26 , 60.19 , 29.38 , 60.29 , 18.47 , 64.99 , 31.41 , 68.93 , 17.49 , 62.17 , 17.49 , 62.18 , 26.50 , 44.50 , 26.20 , 45.50 , 25.90 , 46.60 , 39.20 , 43.70 , 37.00 , 45.70 
15-Jun-2026,2026,June,Week-3, 20.15 , 50.85 , 20.27 , 61.71 , 28.86 , 61.47 , 29.40 , 59.29 , 29.44 , 59.40 , 29.56 , 59.08 , 18.44 , 64.64 , 31.81 , 68.58 , 17.47 , 61.79 , 17.47 , 61.78 , 26.50 , 44.50 , 26.20 , 45.50 , 25.90 , 46.60 , 39.20 , 43.70 , 37.00 , 45.70 
16-Jun-2026,2026,June,Week-3, 21.49 , 49.15 , 19.92 , 65.04 , 28.97 , 59.71 , 29.61 , 57.41 , 29.64 , 57.95 , 29.75 , 57.16 , 18.51 , 64.13 , 32.06 , 67.40 , 17.46 , 61.34 , 17.46 , 61.36 , 26.50 , 44.50 , 26.20 , 45.50 , 25.90 , 46.60 , 39.20 , 43.70 , 37.00 , 45.70 
17-Jun-2026,2026,June,Week-3, 22.43 , 49.76 , 19.60 , 68.16 , 28.99 , 61.93 , 29.66 , 58.70 , 29.71 , 59.03 , 29.79 , 59.57 , 18.52 , 64.39 , 31.85 , 67.47 , 17.47 , 61.71 , 17.48 , 61.69 , 26.50 , 44.50 , 26.20 , 45.50 , 25.90 , 46.60 , 39.20 , 43.70 , 37.00 , 45.70 
18-Jun-2026,2026,June,Week-3, 22.48 , 40.16 , 20.95 , 67.17 , 29.05 , 61.74 , 29.75 , 57.96 , 29.82 , 58.14 , 29.87 , 58.87 , 18.56 , 63.94 , 31.75 , 66.54 , 17.47 , 61.55 , 17.47 , 61.54 , 26.50 , 44.50 , 26.20 , 45.50 , 25.90 , 46.60 , 39.20 , 43.70 , 37.00 , 45.70 
19-Jun-2026,2026,June,Week-3, 22.47 , 39.77 , 21.93 , 65.27 , 29.20 , 63.64 , 29.95 , 60.01 , 30.00 , 60.16 , 30.07 , 59.95 , 18.60 , 63.42 , 31.49 , 67.26 , 17.45 , 61.38 , 17.45 , 61.38 , 26.50 , 44.50 , 26.20 , 45.50 , 25.90 , 46.60 , 39.20 , 43.70 , 37.00 , 45.70 
20-Jun-2026,2026,June,Week-3, 22.53 , 40.15 , 21.04 , 54.05 , 29.33 , 61.65 , 30.06 , 58.79 , 30.11 , 59.53 , 30.19 , 58.92 , 18.64 , 63.59 , 31.82 , 69.27 , 17.44 , 61.70 , 17.45 , 61.71 , 26.50 , 44.50 , 26.20 , 45.50 , 25.90 , 46.60 , 39.20 , 43.70 , 37.00 , 45.70 
21-Jun-2026,2026,June,Week-3, 22.12 , 50.37 , 21.29 , 64.36 , 29.32 , 61.17 , 29.73 , 59.17 , 29.77 , 59.44 , 29.87 , 59.67 , 18.65 , 63.54 , 31.58 , 68.68 , 17.45 , 61.63 , 17.46 , 61.56 , 26.50 , 44.50 , 26.20 , 45.50 , 25.90 , 46.60 , 39.20 , 43.70 , 37.00 , 45.70 
22-Jun-2026,2026,June,Week-4, 21.67 , 47.15 , 19.54 , 59.05 , 29.15 , 59.33 , 29.29 , 59.45 , 29.30 , 59.02 , 29.46 , 58.99 , 18.55 , 63.69 , 31.58 , 68.82 , 17.44 , 61.35 , 17.44 , 61.34 , 26.50 , 44.50 , 26.20 , 45.50 , 25.90 , 46.60 , 39.20 , 43.70 , 37.00 , 45.70 
23-Jun-2026,2026,June,Week-4, 20.30 , 50.23 , 19.78 , 61.29 , 28.93 , 59.96 , 29.04 , 60.27 , 29.06 , 59.34 , 29.22 , 59.42 , 18.53 , 64.01 , 31.33 , 70.38 , 17.45 , 61.56 , 17.45 , 61.55 , 26.50 , 44.50 , 26.20 , 45.50 , 25.90 , 46.60 , 39.20 , 43.70 , 37.00 , 45.70 
24-Jun-2026,2026,June,Week-4, 18.29 , 58.97 , 20.94 , 61.02 , 28.61 , 58.88 , 28.91 , 58.51 , 28.93 , 58.54 , 29.12 , 57.42 , 18.51 , 64.13 , 31.21 , 69.35 , 17.45 , 61.72 , 17.46 , 61.72 , 26.50 , 44.50 , 26.20 , 45.50 , 25.90 , 46.60 , 39.20 , 43.70 , 37.00 , 45.70 
25-Jun-2026,2026,June,Week-4, 18.17 , 58.49 , 21.01 , 59.31 , 28.65 , 60.54 , 29.21 , 57.70 , 29.24 , 58.47 , 29.36 , 57.57 , 18.54 , 63.50 , 31.66 , 69.25 , 17.35 , 61.31 , 17.35 , 61.28 , 26.50 , 44.50 , 26.20 , 45.50 , 25.90 , 46.60 , 39.20 , 43.70 , 37.00 , 45.70 
26-Jun-2026,2026,June,Week-4, 17.82 , 58.92 , 21.05 , 59.65 , 28.88 , 61.66 , 29.55 , 58.26 , 29.60 , 59.05 , 29.67 , 59.03 , 18.86 , 64.02 , 31.75 , 67.31 , 17.39 , 62.51 , 17.33 , 62.83 , 26.50 , 44.50 , 26.20 , 45.50 , 25.90 , 46.60 , 39.20 , 43.70 , 37.00 , 45.70 
27-Jun-2026,2026,June,Week-4, 17.33 , 59.62 , 21.12 , 59.13 , 28.97 , 62.20 , 29.53 , 59.28 , 29.56 , 60.06 , 29.65 , 59.94 , 18.86 , 63.74 , 31.75 , 68.36 , 17.44 , 62.72 , 17.44 , 62.70 , 26.50 , 44.50 , 26.20 , 45.50 , 25.90 , 46.60 , 39.20 , 43.70 , 37.00 , 45.70 
28-Jun-2026,2026,June,Week-4, 17.18 , 57.84 , 21.10 , 59.30 , 28.99 , 61.61 , 29.59 , 59.00 , 29.62 , 59.78 , 29.71 , 59.32 , 18.83 , 63.58 , 31.64 , 70.06 , 17.44 , 62.57 , 17.44 , 62.56 , 26.50 , 44.50 , 26.20 , 45.50 , 25.90 , 46.60 , 39.20 , 43.70 , 37.00 , 45.70 
29-Jun-2026,2026,June,Week-5, 17.13 , 56.24 , 21.10 , 57.93 , 28.99 , 60.42 , 29.71 , 57.31 , 29.76 , 57.94 , 29.82 , 57.79 , 18.95 , 63.14 , 31.92 , 67.42 , 17.43 , 62.24 , 17.44 , 62.26 , 26.50 , 44.50 , 26.20 , 45.50 , 25.90 , 46.60 , 39.20 , 43.70 , 37.00 , 45.70 
30-Jun-2026,2026,June,Week-5, 17.14 , 56.17 , 20.49 , 53.90 , 29.14 , 58.34 , 29.76 , 56.18 , 29.80 , 56.40 , 29.90 , 55.86 , 17.77 , 64.59 , 31.71 , 64.64 , 17.20 , 60.94 , 17.20 , 60.93 , 26.50 , 44.50 , 26.20 , 45.50 , 25.90 , 46.60 , 39.20 , 43.70 , 37.00 , 45.70 
1-Jul-2026,2026,July,Week-1, 17.13 , 56.18 , 19.90 , 60.69 , 29.11 , 57.80 , 29.78 , 55.39 , 29.83 , 55.71 , 29.92 , 55.17 , 18.81 , 64.02 , 31.45 , 64.90 , 17.46 , 62.37 , 17.46 , 62.35 , 26.50 , 44.50 , 26.20 , 45.50 , 25.90 , 46.60 , 39.20 , 43.70 , 37.00 , 45.70 
2-Jul-2026,2026,July,Week-1, 17.14 , 56.93 , 20.51 , 59.04 , 29.04 , 59.06 , 29.54 , 57.21 , 29.58 , 57.43 , 29.71 , 56.67 , 18.86 , 64.05 , 31.96 , 64.76 , 17.46 , 62.69 , 17.46 , 62.69 , 26.50 , 44.50 , 26.20 , 45.50 , 25.90 , 46.60 , 39.20 , 43.70 , 37.00 , 45.70 
3-Jul-2026,2026,July,Week-1, 17.12 , 57.63 , 20.23 , 55.85 , 28.98 , 61.17 , 29.54 , 58.37 , 29.58 , 59.03 , 29.69 , 58.41 , 19.01 , 63.67 , 31.87 , 65.01 , 17.46 , 63.12 , 17.46 , 63.11 , 26.50 , 44.50 , 26.20 , 45.50 , 25.90 , 46.60 , 39.20 , 43.70 , 37.00 , 45.70 
4-Jul-2026,2026,July,Week-1, 17.15 , 57.86 , 20.19 , 56.30 , 28.90 , 62.20 , 29.53 , 59.20 , 29.57 , 60.00 , 29.66 , 59.53 , 18.85 , 64.10 , 31.52 , 67.35 , 17.46 , 62.88 , 17.46 , 62.88 , 26.50 , 44.50 , 26.20 , 45.50 , 25.90 , 46.60 , 39.20 , 43.70 , 37.00 , 45.70 
5-Jul-2026,2026,July,Week-1, 17.11 , 57.24 , 20.18 , 56.29 , 28.87 , 62.44 , 29.56 , 59.36 , 29.61 , 60.11 , 29.67 , 60.01 , 19.02 , 63.70 , 30.85 , 67.90 , 17.46 , 63.15 , 17.46 , 63.15 , 26.50 , 44.50 , 26.20 , 45.50 , 25.90 , 46.60 , 39.20 , 43.70 , 37.00 , 45.70 
6-Jul-2026,2026,July,Week-1, 17.12 , 57.25 , 20.22 , 55.16 , 28.86 , 61.33 , 29.56 , 58.45 , 29.61 , 59.20 , 29.69 , 58.60 , 18.86 , 63.82 , 31.28 , 66.94 , 17.45 , 62.54 , 17.45 , 62.54 , 26.50 , 44.50 , 26.20 , 45.50 , 25.90 , 46.60 , 39.20 , 43.70 , 37.00 , 45.70 
7-Jul-2026,2026,July,Week-1, 18.73 , 59.43 , 18.48 , 54.96 , 28.93 , 60.94 , 29.57 , 58.58 , 29.60 , 59.12 , 29.74 , 58.66 , 19.04 , 63.32 , 31.58 , 65.17 , 17.45 , 62.75 , 17.45 , 62.75 , 26.50 , 44.50 , 26.20 , 45.50 , 25.90 , 46.60 , 39.20 , 43.70 , 37.00 , 45.70 
8-Jul-2026,2026,July,Week-2, 19.04 , 51.62 , 18.78 , 58.79 , 29.03 , 60.08 , 29.68 , 57.23 , 29.72 , 58.11 , 29.83 , 57.15 , 18.86 , 63.29 , 32.30 , 63.28 , 17.45 , 61.83 , 17.45 , 61.84 , 26.50 , 44.50 , 26.20 , 45.50 , 25.90 , 46.60 , 39.20 , 43.70 , 37.00 , 45.70 
9-Jul-2026,2026,July,Week-2, 17.93 , 53.59 , 20.15 , 55.53 , 29.02 , 57.33 , 29.60 , 54.52 , 29.65 , 55.72 , 29.74 , 54.93 , 19.06 , 62.87 , 31.87 , 59.15 , 17.47 , 62.05 , 17.48 , 62.07 , 26.50 , 44.50 , 26.20 , 45.50 , 25.90 , 46.60 , 39.20 , 43.70 , 37.00 , 45.70 
10-Jul-2026,2026,July,Week-2, 17.48 , 58.87 , 20.26 , 55.88 , 28.85 , 58.11 , 29.43 , 55.34 , 29.46 , 56.39 , 29.55 , 55.80 , 19.11 , 64.51 , 31.58 , 59.90 , 17.89 , 62.54 , 17.88 , 62.55 , 26.50 , 44.50 , 26.20 , 45.50 , 25.90 , 46.60 , 39.20 , 43.70 , 37.00 , 45.70 
11-Jul-2026,2026,July,Week-2, 17.82 , 60.35 , 20.22 , 56.71 , 28.59 , 60.28 , 28.95 , 58.73 , 28.96 , 59.53 , 29.11 , 58.47 , 19.95 , 65.56 , 31.04 , 61.59 , 18.56 , 64.34 , 18.56 , 64.34 , 26.50 , 44.50 , 26.20 , 45.50 , 25.90 , 46.60 , 39.20 , 43.70 , 37.00 , 45.70 
12-Jul-2026,2026,July,Week-2, 17.86 , 60.21 , 20.27 , 56.89 , 28.36 , 60.01 , 28.79 , 57.87 , 28.81 , 58.55 , 28.96 , 57.59 , 19.10 , 63.76 , 30.66 , 64.67 , 17.68 , 62.32 , 17.68 , 62.31 , 26.50 , 44.50 , 26.20 , 45.50 , 25.90 , 46.60 , 39.20 , 43.70 , 37.00 , 45.70 
13-Jul-2026,2026,July,Week-2, 17.81 , 61.26 , 20.32 , 58.78 , 28.29 , 63.81 , 28.80 , 61.11 , 28.82 , 62.42 , 28.95 , 61.93 , 19.00 , 63.95 , 30.40 , 67.18 , 17.47 , 63.46 , 17.47 , 63.46 , 26.50 , 44.50 , 26.20 , 45.50 , 25.90 , 46.60 , 36.53 , 49.47 , 35.59 , 48.91 
14-Jul-2026,2026,July,Week-2, 17.88 , 60.43 , 20.28 , 57.75 , 28.22 , 64.09 , 28.81 , 60.12 , 28.83 , 62.61 , 28.96 , 61.48 , 17.94 , 62.11 , 30.29 , 67.18 , 16.49 , 60.95 , 16.49 , 60.98 , 26.50 , 44.50 , 26.20 , 45.50 , 25.90 , 46.60 , 33.26 , 54.70 , 33.18 , 52.75 
15-Jul-2026,2026,July,Week-3, 19.06 , 62.81 , 18.57 , 56.48 , 28.26 , 63.68 , 28.90 , 60.43 , 28.94 , 61.66 , 29.02 , 61.31 , 18.08 , 62.21 , 30.88 , 66.37 , 16.44 , 62.10 , 16.44 , 62.08 , 26.50 , 44.50 , 26.20 , 45.50 , 25.90 , 46.60 , 34.14 , 53.19 , 34.32 , 50.48 
16-Jul-2026,2026,July,Week-3, 19.67 , 58.32 , 18.91 , 61.05 , 28.30 , 63.25 , 28.95 , 59.74 , 28.98 , 61.73 , 29.09 , 60.73 , 17.78 , 62.75 , 31.09 , 65.64 , 16.43 , 61.42 , 16.43 , 61.39 , 26.50 , 44.50 , 26.20 , 45.50 , 25.90 , 46.60 , 34.29 , 52.73 , 34.55 , 49.58 
17-Jul-2026,2026,July,Week-3, 20.01 , 57.83 , 20.14 , 58.27 , 28.39 , 62.46 , 29.09 , 57.84 , 29.11 , 60.39 , 29.21 , 59.16 , 18.07 , 62.23 , 30.92 , 67.58 , 16.43 , 62.12 , 16.43 , 62.13 , 28.45 , 45.45 , 28.38 , 44.62 , 27.56 , 47.07 , 34.15 , 54.26 , 34.59 , 50.71 
18-Jul-2026,2026,July,Week-3, 19.75 , 58.43 , 20.30 , 57.68 , 28.50 , 64.09 , 29.19 , 59.43 , 29.21 , 62.49 , 29.30 , 61.63 , 17.74 , 62.42 , 31.52 , 66.70 , 16.40 , 61.14 , 16.40 , 61.13 , 28.94 , 53.48 , 29.24 , 51.02 , 28.57 , 52.57 , 34.73 , 53.50 , 35.18 , 49.85 
19-Jul-2026,2026,July,Week-3, 19.71 , 58.13 , 18.39 , 55.80 , 28.52 , 61.85 , 29.11 , 58.03 , 29.13 , 60.21 , 29.24 , 59.21 , 18.10 , 61.88 , 31.65 , 65.16 , 16.43 , 61.68 , 16.42 , 61.71 , 27.40 , 65.40 , 28.00 , 62.70 , 28.20 , 61.10 , 34.95 , 51.78 , 35.41 , 48.36 
20-Jul-2026,2026,July,Week-3, 19.81 , 60.71 , 20.31 , 62.04 , 28.65 , 63.26 , 29.19 , 59.83 , 29.22 , 61.83 , 29.35 , 60.86 , 17.74 , 62.17 , 32.15 , 65.40 , 16.40 , 60.80 , 16.40 , 60.81 , 27.40 , 65.40 , 28.00 , 62.70 , 28.20 , 61.10 , 35.44 , 52.02 , 35.88 , 48.44 
21-Jul-2026,2026,July,Week-3, 19.61 , 61.07 , 20.45 , 54.00 , 28.71 , 60.96 , 29.33 , 57.21 , 29.35 , 58.92 , 29.45 , 58.57 , 18.11 , 61.45 , 32.34 , 64.90 , 16.40 , 61.33 , 16.40 , 61.37 , 27.40 , 65.40 , 28.00 , 62.70 , 28.20 , 61.10 , 35.72 , 51.24 , 36.17 , 47.59 
22-Jul-2026,2026,July,Week-4, 19.65 , 53.70 , 20.40 , 53.47 , 28.99 , 58.59 , 29.67 , 54.67 , 29.68 , 55.33 , 29.79 , 56.19 , 17.78 , 61.36 , 32.26 , 61.57 , 16.40 , 59.66 , 16.40 , 59.65 , 31.90 , 45.81 , 32.13 , 43.74 , 30.84 , 46.55 , 35.44 , 49.11 , 35.85 , 45.93 
23-Jul-2026,2026,July,Week-4, 20.41 , 56.88 , 18.48 , 54.01 , 29.19 , 55.73 , 29.68 , 53.26 , 29.70 , 53.82 , 29.86 , 52.43 , 17.88 , 61.32 , 32.18 , 60.89 , 16.42 , 60.18 , 16.42 , 60.15 , 32.23 , 43.17 , 32.52 , 40.85 , 31.16 , 43.68 , 35.60 , 47.52 , 36.01 , 44.36 
24-Jul-2026,2026,July,Week-4, 19.87 , 50.05 , 18.83 , 58.65 , 29.45 , 55.52 , 29.86 , 54.19 , 29.89 , 54.47 , 30.07 , 53.79 , 17.88 , 61.41 , 32.62 , 57.82 , 16.43 , 59.91 , 16.43 , 59.94 , 32.48 , 43.04 , 32.84 , 40.48 , 31.46 , 43.31 , 35.88 , 45.42 , 36.23 , 42.53 
25-Jul-2026,2026,July,Week-4, 19.34 , 49.36 , 20.14 , 56.49 , 29.75 , 56.47 , 30.16 , 55.36 , 30.18 , 55.38 , 30.36 , 55.45 , 18.21 , 61.35 , 31.64 , 54.45 , 16.44 , 61.14 , 16.44 , 61.14 , 32.85 , 43.27 , 33.13 , 41.12 , 31.79 , 44.24 , 34.80 , 43.00 , 35.23 , 40.29 
26-Jul-2026,2026,July,Week-4, 20.37 , 55.73 , 18.74 , 55.27 , 29.28 , 56.12 , 29.46 , 55.06 , 29.47 , 55.43 , 29.63 , 55.45 , 17.81 , 62.20 , 31.02 , 57.86 , 16.43 , 60.49 , 16.43 , 60.49 , 32.15 , 43.66 , 32.45 , 41.43 , 31.06 , 44.64 , 34.11 , 46.15 , 34.56 , 43.15 
27-Jul-2026,2026,July,Week-4, 21.19 , 61.68 , 17.62 , 60.21 , 28.93 , 59.17 , 29.09 , 59.33 , 29.11 , 59.24 , 29.27 , 59.21 , 18.08 , 63.06 , 30.64 , 60.69 , 16.46 , 62.74 , 16.46 , 62.71 , 31.83 , 46.77 , 32.14 , 44.29 , 30.72 , 47.62 , 33.81 , 48.40 , 34.27 , 45.05 
28-Jul-2026,2026,July,Week-4, 19.76 , 50.81 , 17.67 , 59.24 , 28.78 , 62.69 , 29.02 , 62.19 , 29.05 , 62.40 , 29.21 , 61.90 , 17.77 , 62.16 , 30.66 , 66.15 , 16.39 , 60.76 , 16.40 , 60.72 , 31.75 , 49.45 , 32.05 , 46.74 , 30.70 , 50.07 , 33.86 , 53.00 , 34.33 , 49.37 
29-Jul-2026,2026,July,Week-5, 19.06 , 50.38 , 17.58 , 59.89 , 28.82 , 62.32 , 29.15 , 61.64 , 29.18 , 61.68 , 29.37 , 60.65 , 18.12 , 62.58 , 30.97 , 66.05 , 16.43 , 62.61 , 16.43 , 62.61 , 31.85 , 49.05 , 32.18 , 46.32 , 30.81 , 49.45 , 34.25 , 52.79 , 34.76 , 49.16 
30-Jul-2026,2026,July,Week-5, 18.78 , 50.15 , 17.54 , 60.81 , 28.99 , 61.67 , 29.38 , 60.84 , 29.42 , 60.88 , 29.63 , 60.13 , 17.76 , 62.16 , 29.41 , 69.24 , 16.41 , 60.68 , 16.41 , 60.68 , 32.04 , 48.64 , 32.40 , 45.51 , 31.04 , 48.63 , 31.72 , 58.58 , 32.04 , 55.75 
31-Jul-2026,2026,July,Week-5, 20.27 , 58.66 , 18.88 , 60.64 , 29.15 , 62.70 , 29.61 , 61.02 , 29.66 , 61.79 , 29.78 , 61.25 , 18.06 , 61.86 , 30.51 , 69.16 , 16.40 , 62.44 , 16.39 , 62.43 , 32.18 , 49.28 , 32.56 , 46.37 , 31.24 , 49.39 , 33.66 , 56.15 , 34.28 , 51.83 
1-Aug-2026,2026,August,Week-1, 22.18 , 56.25 , 18.42 , 56.12 , 29.26 , 61.75 , 29.68 , 59.92 , 29.70 , 61.00 , 29.83 , 60.64 , 17.68 , 61.97 , 31.71 , 66.51 , 16.37 , 60.97 , 16.37 , 60.99 , 32.31 , 48.07 , 32.67 , 45.41 , 31.32 , 48.55 , 34.83 , 53.73 , 35.42 , 49.58 
2-Aug-2026,2026,August,Week-1, 20.68 , 51.70 , 18.85 , 60.75 , 29.41 , 61.41 , 29.88 , 59.53 , 29.90 , 60.32 , 30.02 , 60.68 , 17.99 , 61.10 , 31.79 , 66.99 , 16.38 , 62.17 , 16.38 , 62.16 , 32.46 , 48.96 , 32.85 , 45.59 , 31.51 , 48.21 , 35.03 , 53.75 , 35.57 , 49.90 
3-Aug-2026,2026,August,Week-1, 18.63 , 54.29 , 20.18 , 57.59 , 29.44 , 60.97 , 29.84 , 58.90 , 29.86 , 60.01 , 29.99 , 59.96 , 17.68 , 61.72 , 31.55 , 67.70 , 16.36 , 60.65 , 16.36 , 60.67 , 32.46 , 48.16 , 32.80 , 45.19 , 31.47 , 48.10 , 34.75 , 54.64 , 35.22 , 50.90 
4-Aug-2026,2026,August,Week-1, 17.96 , 55.98 , 20.23 , 56.72 , 29.45 , 58.87 , 29.82 , 56.18 , 29.84 , 57.08 , 29.98 , 57.38 , 18.04 , 61.46 , 32.06 , 66.11 , 16.38 , 62.33 , 16.38 , 62.09 , 32.44 , 46.11 , 32.80 , 43.38 , 31.44 , 46.07 , 35.38 , 52.70 , 35.84 , 49.14 
5-Aug-2026,2026,August,Week-1, 18.05 , 55.98 , 20.25 , 57.20 , 29.52 , 60.63 , 29.89 , 58.45 , 29.89 , 58.94 , 30.07 , 59.29 , 17.69 , 61.39 , 32.19 , 65.08 , 16.38 , 60.45 , 16.38 , 60.41 , 32.54 , 47.85 , 32.92 , 45.02 , 31.61 , 47.44 , 35.42 , 52.07 , 35.81 , 48.46 
6-Aug-2026,2026,August,Week-1, 17.97 , 57.86 , 20.34 , 56.80 , 29.39 , 55.95 , 29.61 , 55.61 , 29.64 , 55.98 , 29.81 , 54.92 , 18.03 , 61.18 , 32.02 , 65.67 , 16.43 , 61.88 , 16.43 , 61.92 , 32.30 , 45.75 , 32.67 , 42.40 , 31.37 , 44.58 , 35.40 , 52.35 , 35.83 , 48.90 
7-Aug-2026,2026,August,Week-1, 17.95 , 57.46 , 20.37 , 56.92 , 29.37 , 60.34 , 29.72 , 59.17 , 29.77 , 59.16 , 29.87 , 59.45 , 17.69 , 61.60 , 31.95 , 67.04 , 16.37 , 60.56 , 16.36 , 60.54 , 32.38 , 47.65 , 32.75 , 44.78 , 31.42 , 47.26 , 35.14 , 53.82 , 35.60 , 49.85 
8-Aug-2026,2026,August,Week-2, 19.36 , 59.81 , 18.55 , 55.58 , 29.31 , 58.24 , 29.67 , 56.48 , 29.71 , 56.77 , 29.83 , 56.65 , 18.09 , 61.34 , 32.29 , 63.72 , 16.39 , 62.17 , 16.39 , 62.13 , 32.27 , 46.00 , 32.62 , 43.17 , 31.27 , 45.81 , 35.69 , 50.52 , 36.07 , 47.36 
9-Aug-2026,2026,August,Week-2, 19.30 , 51.16 , 18.92 , 59.54 , 29.37 , 56.55 , 29.69 , 55.56 , 29.72 , 55.81 , 29.86 , 55.45 , 17.69 , 61.70 , 32.44 , 62.19 , 16.39 , 60.21 , 16.39 , 60.22 , 32.36 , 43.62 , 32.70 , 41.36 , 31.35 , 44.06 , 35.66 , 49.38 , 36.06 , 45.90 
10-Aug-2026,2026,August,Week-2, 18.83 , 49.27 , 20.10 , 56.55 , 29.37 , 55.13 , 29.81 , 53.56 , 29.84 , 53.76 , 29.97 , 53.49 , 18.13 , 60.88 , 32.08 , 61.41 , 16.39 , 61.48 , 16.40 , 61.52 , 32.35 , 42.88 , 32.70 , 40.43 , 31.33 , 43.19 , 35.22 , 48.91 , 35.71 , 45.40 
11-Aug-2026,2026,August,Week-2, 19.62 , 57.70 , 20.19 , 57.24 , 27.34 , 59.36 , 27.06 , 59.15 , 27.13 , 59.19 , 27.03 , 59.68 , 17.71 , 61.76 , 32.16 , 62.38 , 16.39 , 60.40 , 16.39 , 60.41 , 29.23 , 48.93 , 29.22 , 48.33 , 27.99 , 50.24 , 35.36 , 49.54 , 35.76 , 46.15 
12-Aug-2026,2026,August,Week-2, 19.89 , 59.89 , 20.21 , 58.59 , 27.79 , 62.78 , 28.43 , 60.92 , 28.45 , 61.13 , 28.56 , 61.00 , 18.11 , 61.66 , 32.08 , 62.34 , 16.41 , 62.54 , 16.41 , 62.57 , 31.13 , 48.94 , 31.24 , 47.28 , 30.11 , 49.05 , 35.32 , 49.63 , 35.76 , 46.40 
13-Aug-2026,2026,August,Week-2, 19.90 , 58.87 , 20.31 , 57.08 , 28.37 , 60.71 , 28.93 , 58.81 , 28.97 , 59.21 , 29.09 , 58.95 , 17.64 , 62.08 , 31.94 , 63.25 , 16.38 , 60.45 , 16.38 , 60.47 , 31.60 , 47.03 , 31.77 , 45.26 , 30.58 , 47.44 , 35.16 , 50.29 , 35.56 , 46.87 
14-Aug-2026,2026,August,Week-2, 19.90 , 58.76 , 20.22 , 57.31 , 28.64 , 59.70 , 29.17 , 57.57 , 29.21 , 58.02 , 29.32 , 57.79 , 18.06 , 61.57 , 31.91 , 63.43 , 16.39 , 62.45 , 16.40 , 62.47 , 31.74 , 47.25 , 31.96 , 44.48 , 30.75 , 46.69 , 35.12 , 50.71 , 35.58 , 47.48 
15-Aug-2026,2026,August,Week-3, 19.88 , 58.25 , 20.20 , 56.67 , 28.80 , 58.15 , 29.30 , 56.47 , 29.35 , 56.49 , 29.47 , 56.14 , 17.63 , 61.81 , 31.91 , 66.21 , 16.39 , 60.33 , 16.39 , 60.30 , 31.85 , 45.71 , 32.14 , 42.95 , 30.82 , 45.52 , 35.05 , 53.09 , 35.49 , 49.40 
16-Aug-2026,2026,August,Week-3, 19.34 , 57.24 , 21.22 , 67.23 , 28.99 , 59.90 , 29.38 , 58.71 , 29.42 , 58.87 , 29.56 , 58.52 , 18.08 , 61.66 , 31.54 , 66.84 , 16.39 , 62.85 , 16.39 , 62.80 , 32.05 , 47.44 , 32.41 , 44.39 , 31.05 , 46.95 , 34.71 , 53.86 , 35.18 , 50.34 
17-Aug-2026,2026,August,Week-3, 19.32 , 60.58 , 21.66 , 65.32 , 29.32 , 60.31 , 29.58 , 59.86 , 29.60 , 60.16 , 29.75 , 59.69 , 17.84 , 62.06 , 31.62 , 68.27 , 16.36 , 61.03 , 16.37 , 61.03 , 32.36 , 47.67 , 32.77 , 44.71 , 31.44 , 47.11 , 34.79 , 54.90 , 35.25 , 51.21 
18-Aug-2026,2026,August,Week-3, 19.30 , 59.83 , 21.30 , 61.42 , 29.40 , 60.11 , 29.75 , 58.85 , 29.78 , 59.02 , 29.89 , 59.49 , 17.90 , 60.86 , 31.89 , 66.71 , 16.35 , 62.12 , 16.35 , 62.11 , 32.39 , 47.59 , 32.82 , 44.48 , 31.52 , 46.90 , 35.19 , 53.35 , 35.62 , 49.95 
19-Aug-2026,2026,August,Week-3, 19.38 , 59.23 , 19.64 , 63.18 , 29.48 , 62.48 , 29.72 , 62.32 , 29.76 , 62.04 , 29.86 , 62.77 , 17.82 , 61.96 , 32.08 , 67.14 , 16.36 , 61.08 , 16.36 , 61.10 , 32.47 , 49.65 , 32.91 , 46.37 , 31.61 , 48.94 , 35.39 , 53.40 , 35.79 , 49.72 
20-Aug-2026,2026,August,Week-3, 19.53 , 63.08 , 19.64 , 65.21 , 29.50 , 60.93 , 29.77 , 60.50 , 29.81 , 60.33 , 29.91 , 61.10 , 17.82 , 60.55 , 32.26 , 65.41 , 16.38 , 61.68 , 16.38 , 61.65 , 32.48 , 48.66 , 32.90 , 45.20 , 31.60 , 47.70 , 35.64 , 51.75 , 36.09 , 48.24 
21-Aug-2026,2026,August,Week-3, 19.55 , 61.79 , 19.65 , 64.61 , 29.45 , 61.79 , 29.68 , 61.30 , 29.72 , 61.27 , 29.82 , 61.84 , 17.79 , 62.23 , 32.08 , 64.31 , 16.36 , 61.24 , 16.37 , 61.20 , 32.42 , 48.99 , 32.84 , 45.81 , 31.49 , 48.58 , 35.39 , 51.33 , 35.77 , 47.91 
22-Aug-2026,2026,August,Week-4, 19.48 , 60.39 , 19.62 , 63.90 , 29.41 , 58.74 , 29.66 , 57.54 , 29.70 , 57.47 , 29.79 , 58.16 , 17.82 , 60.97 , 31.55 , 62.80 , 16.38 , 61.65 , 16.38 , 61.67 , 32.32 , 46.58 , 32.75 , 43.19 , 31.41 , 45.55 , 34.84 , 50.23 , 35.28 , 47.04 
23-Aug-2026,2026,August,Week-4, 19.45 , 60.74 , 19.63 , 64.12 , 29.34 , 57.60 , 29.61 , 56.50 , 29.64 , 56.66 , 29.76 , 56.74 , 17.82 , 62.36 , 31.77 , 64.66 , 16.39 , 61.20 , 16.38 , 61.18 , 32.25 , 45.61 , 32.67 , 42.43 , 31.34 , 45.02 , 35.04 , 51.56 , 35.44 , 48.21 
24-Aug-2026,2026,August,Week-4, 20.52 , 60.77 , 20.34 , 61.10 , 29.15 , 57.91 , 29.36 , 56.91 , 29.39 , 57.44 , 29.48 , 57.19 , 17.90 , 60.73 , 31.99 , 62.61 , 16.45 , 61.28 , 16.45 , 61.35 , 31.98 , 46.29 , 32.27 , 44.09 , 30.99 , 46.28 , 35.22 , 50.20 , 35.61 , 47.38 
25-Aug-2026,2026,August,Week-4, 19.90 , 50.09 , 19.53 , 57.14 , 29.26 , 57.67 , 29.65 , 56.41 , 29.67 , 56.76 , 29.77 , 56.67 , 17.87 , 61.82 , 32.20 , 63.92 , 16.38 , 60.63 , 16.38 , 60.60 , 32.23 , 44.93 , 32.64 , 42.35 , 31.30 , 44.98 , 35.47 , 50.79 , 35.84 , 47.51 
26-Aug-2026,2026,August,Week-4, 19.23 , 50.27 , 18.64 , 60.67 , 29.44 , 60.57 , 29.78 , 59.88 , 29.83 , 59.62 , 29.91 , 60.35 , 17.82 , 60.39 , 32.21 , 64.04 , 16.36 , 61.72 , 16.36 , 61.71 , 32.46 , 47.80 , 32.88 , 44.46 , 31.55 , 47.27 , 35.43 , 51.42 , 35.87 , 47.97 
27-Aug-2026,2026,August,Week-4, 20.01 , 53.53 , 18.71 , 60.98 , 29.41 , 59.36 , 29.66 , 58.75 , 29.69 , 58.90 , 29.82 , 58.61 , 17.82 , 62.08 , 32.04 , 65.41 , 16.38 , 60.83 , 16.37 , 60.86 , 32.40 , 46.28 , 32.78 , 43.38 , 31.44 , 46.27 , 35.27 , 52.15 , 35.72 , 48.38 
28-Aug-2026,2026,August,Week-4, 19.19 , 49.03 , 18.69 , 61.29 , 29.28 , 52.37 , 29.54 , 51.81 , 29.56 , 51.84 , 29.72 , 51.49 , 17.85 , 61.11 , 32.27 , 60.37 , 16.45 , 61.45 , 16.45 , 61.51 , 32.19 , 41.81 , 32.60 , 38.93 , 31.24 , 41.47 , 35.51 , 47.69 , 35.92 , 44.78 
29-Aug-2026,2026,August,Week-5, 19.74 , 47.97 , 18.78 , 61.60 , 29.16 , 56.81 , 29.36 , 56.80 , 29.37 , 56.93 , 29.51 , 56.54 , 17.80 , 62.29 , 32.03 , 61.71 , 16.38 , 60.90 , 16.38 , 60.90 , 32.12 , 44.44 , 32.51 , 41.70 , 31.12 , 44.79 , 35.28 , 48.84 , 35.72 , 45.32 
30-Aug-2026,2026,August,Week-5, 20.72 , 43.24 , 18.74 , 61.86 , 29.17 , 58.72 , 29.43 , 58.18 , 29.45 , 58.30 , 29.61 , 58.11 , 17.79 , 61.01 , 32.01 , 61.90 , 16.38 , 61.92 , 16.38 , 61.95 , 32.16 , 46.35 , 32.54 , 43.22 , 31.21 , 45.96 , 35.31 , 49.33 , 35.74 , 46.23 
31-Aug-2026,2026,August,Week-5, 20.69 , 44.38 , 19.05 , 64.21 , 29.24 , 61.78 , 29.53 , 61.57 , 29.56 , 61.48 , 29.69 , 61.44 , 17.76 , 62.43 , 31.93 , 66.19 , 16.37 , 61.48 , 16.37 , 61.49 , 32.28 , 48.87 , 32.66 , 45.78 , 31.34 , 48.58 , 35.26 , 52.82 , 35.67 , 49.07 
